scenario_id,source_station_key,source_station_name,source_financial_year,source_load_archetype_cluster,sampled_peak_mw,annual_energy_mwh,annual_load_factor,minimum_load_mw,site_name,sa2_name,network_capacity_implied_peak_proxy_mw,radial_or_nonfirm_flag
1,northsydney13211kv,North Sydney 132_11kV,2025,1,4.986621170882662,23693.610860795754,0.5424013586710053,1.1558982759264997,Bombala,Bombala,5.0,False
2,flemington13211kv,Flemington 132_11kV,2016,0,6.166848788143302,35078.32969503475,0.6493390179538515,2.252717663773531,Bombala,Bombala,5.0,False
3,muswellbrook3311kv,Muswellbrook 33_11kV,2015,2,5.745361930922453,27079.860040964733,0.5380528260920359,1.393639907096247,Bombala,Bombala,5.0,False
4,campsie3311kv,Campsie 33_11kV,2020,2,5.209043003198323,26688.705374858706,0.5848782324966925,1.3710909040077706,Bombala,Bombala,5.0,False
5,lucasheights3311kv,Lucas Heights 33_11kV,2025,0,4.677498215312015,27720.722462564772,0.6765296081098067,2.282342554267094,Bombala,Bombala,5.0,False
6,newcastlecbd3311kv,Newcastle CBD 33_11kV,2020,1,4.933287422096046,25361.54159790125,0.5868608298551681,1.215136927857756,Bombala,Bombala,5.0,False
7,dulwichhill3311kv,Dulwich Hill 33_11kV,2022,2,5.940080104002865,26845.77277044302,0.515916600288577,1.5126555727530817,Bombala,Bombala,5.0,False
8,flemington13211kv,Flemington 132_11kV,2023,0,4.7033905751487834,26502.387999779843,0.6432352809377376,1.7804907082451624,Bombala,Bombala,5.0,False
9,nelsonbay3311kv,Nelson Bay 33_11kV,2021,3,5.253436766150394,23563.544446220665,0.512027165031351,1.3344785943367339,Bombala,Bombala,5.0,False
10,newcastlecbd3311kv,Newcastle CBD 33_11kV,2020,1,5.850955257452863,30194.394358297606,0.5891087043689135,1.5643264784733908,Bombala,Bombala,5.0,False
11,castlecove13211kv,Castle Cove 132_11kV,2019,2,5.290528639544554,26580.660683049107,0.5735385256402424,1.2603804000959304,Bombala,Bombala,5.0,False
12,kirrawee13211kv,Kirrawee 132_11kV,2017,2,4.554896539260376,21662.300866637408,0.5429026487034999,1.056268714768813,Bombala,Bombala,5.0,False
13,mayfieldwest13211kv,Mayfield West 132_11kV,2018,0,5.2249672760302115,29882.853513042268,0.6528815334895967,1.7880797903760866,Bombala,Bombala,5.0,False
14,lisarow3311kv,Lisarow 33_11kV,2022,3,5.11735026736019,24541.189990257037,0.5474524041317025,1.3708371343682628,Bombala,Bombala,5.0,False
15,stives3311kv,St Ives 33_11kV,2022,3,5.7017892742425635,25672.020596707072,0.5139783000692375,1.4969573200231399,Bombala,Bombala,5.0,False
16,tarro3311kv,Tarro 33_11kV,2024,0,4.976385918375626,26356.129609464726,0.6045935030034488,1.4993449493992759,Bombala,Bombala,5.0,False
17,belrose3311kv,Belrose 33_11kV,2025,3,4.523126394399347,19496.62465759317,0.49205834419218997,0.9154558972290988,Bombala,Bombala,5.0,False
18,citycentral13211kv,City Central 132_11kV,2023,1,4.616446079921172,22130.743750125366,0.5472479407336743,1.0679115883111563,Bombala,Bombala,5.0,False
19,matraville3311kv,Matraville 33_11kV,2022,0,4.876529922540342,26399.66934287249,0.6179929031009904,1.7577843038860947,Bombala,Bombala,5.0,False
20,swansea3311kv,Swansea 33_11kV,2016,3,5.27140826746524,23807.75694946103,0.5155700973602662,1.292919063657429,Bombala,Bombala,5.0,False
21,chatswood3311kv,Chatswood 33_11kV,2015,2,4.73493351297876,24959.42885179312,0.6017507661123808,1.1960198137720255,Bombala,Bombala,5.0,False
22,tomago3311kv,Tomago 33_11kV,2015,1,5.3484994118514395,23083.574358785867,0.49268234419787116,0.9201493991774095,Bombala,Bombala,5.0,False
23,engadine13211kv,Engadine 132_11kV,2023,3,5.2819630554426835,23391.609385482014,0.5055459525134826,1.1465026740189066,Bombala,Bombala,5.0,False
24,newlambton3311kv,New Lambton 33_11kV,2020,0,4.787940359766082,24788.76384220901,0.5910198016823784,1.5329181314784768,Bombala,Bombala,5.0,False
25,tomago3311kv,Tomago 33_11kV,2020,1,4.704715000000151,21066.48046994378,0.5111572898071332,1.2467124398283544,Bombala,Bombala,5.0,False
26,lucasheights3311kv,Lucas Heights 33_11kV,2018,0,4.985671880837598,29914.943502537746,0.6849523935866867,2.311502260960988,Bombala,Bombala,5.0,False
27,newlambton3311kv,New Lambton 33_11kV,2023,0,6.0234727623202025,29041.70618610293,0.5503906789439421,1.7466008338285406,Bombala,Bombala,5.0,False
28,harbord3311kv,Harbord 33_11kV,2023,3,5.291430633936756,21894.726627340424,0.4723482531906808,1.1783680285991984,Bombala,Bombala,5.0,False
29,flemington13211kv,Flemington 132_11kV,2016,0,4.6262858901588535,26811.934542842188,0.6615940289898341,1.8049420547573263,Bombala,Bombala,5.0,False
30,clovelly13211kv,Clovelly 132_11kV,2020,2,5.255403627954167,26377.15119820652,0.5729512959601412,1.4971504106559512,Bombala,Bombala,5.0,False
31,kotara3311kv,Kotara 33_11kV,2021,2,4.401321559925405,20116.541625939346,0.5217543935707168,1.0051995932737254,Bombala,Bombala,5.0,False
32,macquariepark13211kv,Macquarie Park 132_11kV,2016,0,5.621323433223023,30072.540488285973,0.6106993224434505,1.8491850417323317,Bombala,Bombala,5.0,False
33,northsydney13211kv,North Sydney 132_11kV,2024,1,5.510375622851454,27250.299883994776,0.564528634679593,1.305829507237237,Bombala,Bombala,5.0,False
34,gwawleybay13211kv,Gwawley Bay 132_11kV,2016,2,4.663183695400918,25269.73877666137,0.6186059921199815,1.1237682307424448,Bombala,Bombala,5.0,False
35,lucasheights3311kv,Lucas Heights 33_11kV,2019,0,5.282598965377442,31097.9300993182,0.6720161881939237,2.2105320066077647,Bombala,Bombala,5.0,False
36,newlambton3311kv,New Lambton 33_11kV,2025,0,5.04831863334412,24448.999299073566,0.552853703946293,1.4317163726901307,Bombala,Bombala,5.0,False
37,citysouth13211kv,City South 132_11kV,2019,1,5.7507107566511975,27484.83545239832,0.5455913932071684,1.2376634940036393,Bombala,Bombala,5.0,False
38,campbellst13211kv,Campbell St 132_11kV,2022,1,5.1774289496705865,28513.942058267505,0.6286935558824625,1.4511360822688908,Bombala,Bombala,5.0,False
39,engadine3311kv,Engadine 33_11kV,2018,0,5.117577149093955,33309.62433323712,0.7430212423597099,2.547599675154023,Bombala,Bombala,5.0,False
40,stpeters13211kv,St Peters 132_11kV,2020,2,4.924228975747042,27570.707384095942,0.6391540769292219,1.608832510096354,Bombala,Bombala,5.0,False
41,wyong13211kv,Wyong 132_11kV,2017,2,4.756055259105917,24321.080682028776,0.5837566895328468,1.1909207943312954,Bombala,Bombala,5.0,False
42,northsydney13211kv,North Sydney 132_11kV,2022,1,4.671421043955326,22463.61354360036,0.5489420502856739,1.1708082612177917,Bombala,Bombala,5.0,False
43,jewells3311kv,Jewells 33_11kV,2018,3,5.526551783081455,26232.949866786897,0.5418621045756475,1.354637509138411,Bombala,Bombala,5.0,False
44,homebushbay13211kv,Homebush Bay 132_11kV,2018,1,4.577982407444729,23055.247655037343,0.5748990170673243,1.341995963740699,Bombala,Bombala,5.0,False
45,greenacrepark13211kv,Greenacre Park 132_11kV,2019,2,5.020789388604808,26518.252760961048,0.6029326405591141,1.4460798849071768,Bombala,Bombala,5.0,False
46,longjetty6611kv,Long Jetty 66_11kV,2023,3,5.355397500552854,21272.917976850564,0.453451922833054,0.8390927780077782,Bombala,Bombala,5.0,False
47,maitland3311kv,Maitland 33_11kV,2016,2,5.46860471556458,26218.98898639134,0.5473124184493378,1.3517511150386599,Bombala,Bombala,5.0,False
48,tarro3311kv,Tarro 33_11kV,2023,0,5.285600611626285,28982.23185628553,0.625940966655636,1.7812263691018704,Bombala,Bombala,5.0,False
49,tarro3311kv,Tarro 33_11kV,2017,0,5.299009209181065,29956.19704571329,0.6453389797991547,1.738905310138125,Bombala,Bombala,5.0,False
50,mascot3311kv,Mascot 33_11kV,2022,2,4.897063336439263,27401.748682016878,0.6387610875353313,1.7523132893028537,Bombala,Bombala,5.0,False
51,berowra13211kv,Berowra 132_11kV,2016,3,6.349389750639426,27526.830078813877,0.49490302598944824,1.396135117184204,Bombala,Bombala,5.0,False
52,camperdown335kv,Camperdown 33_5kV,2021,2,4.882369993855652,26433.109806506563,0.6180355630997685,1.4064052206939357,Bombala,Bombala,5.0,False
53,citysouth13211kv,City South 132_11kV,2025,1,5.489563686196146,25767.831431724277,0.5358409951337929,1.237957178592651,Bombala,Bombala,5.0,False
54,belrose3311kv,Belrose 33_11kV,2023,3,5.3116489095536155,23879.31572357112,0.5132020828051623,1.3077015308951434,Bombala,Bombala,5.0,False
55,maryland13211kv,Maryland 132_11kV,2018,3,5.152469113707255,20909.408495210737,0.4632572705078634,0.9596014612681204,Bombala,Bombala,5.0,False
56,avoca6611kv,Avoca 66_11kV,2022,3,5.427461630837814,23058.687940107586,0.4849910495620284,1.2072206339179081,Bombala,Bombala,5.0,False
57,cityeast3311kv,City East 33_11kV,2019,1,4.788315631318629,22401.016458173457,0.5340486836087349,0.984161026422908,Bombala,Bombala,5.0,False
58,rnshospital13211kv,RNS Hospital 132_11kV,2020,1,5.405866941043027,28392.302772295247,0.5995579411788123,1.7531752763019355,Bombala,Bombala,5.0,False
59,camperdown3311kv,Camperdown 33_11kV,2022,2,4.878378349912947,27707.91491182176,0.6483720118641932,1.7435318841859877,Bombala,Bombala,5.0,False
60,rothbury13211kv,Rothbury 132_11kV,2020,0,4.983877379336875,24536.26692587776,0.5620009281553434,1.5559280778868552,Bombala,Bombala,5.0,False
61,kotara3311kv,Kotara 33_11kV,2017,2,5.265556179236581,25388.877575120045,0.5504211895447217,1.0738783104221183,Bombala,Bombala,5.0,False
62,berkeleyvale13211kv,Berkeley Vale 132_11kV,2017,0,4.996419807170744,27394.670776935818,0.6258972710806063,1.676722115404445,Bombala,Bombala,5.0,False
63,williamtown3311kv,Williamtown 33_11kV,2022,0,4.847423556154686,22513.27620534924,0.5301803462125128,1.144963609440973,Bombala,Bombala,5.0,False
64,kurnellsouth13211kv,Kurnell South 132_11kV,2023,0,5.076283975128981,27908.398407496,0.6276028379766245,1.7548163708027835,Bombala,Bombala,5.0,False
65,camperdown335kv,Camperdown 33_5kV,2018,2,4.670507497411041,25097.40754507429,0.6134238865686394,1.323155241315696,Bombala,Bombala,5.0,False
66,mtthorley6611kv,Mt Thorley 66_11kV,2018,0,4.979914091725312,28176.54649066577,0.6458948250308493,1.733887412016109,Bombala,Bombala,5.0,False
67,brookvale3311kv,Brookvale 33_11kV,2024,1,4.283860381393144,22353.52602227201,0.5956712287018642,1.1223870361667136,Bombala,Bombala,5.0,False
68,concord3311kv,Concord 33_11kV,2025,2,4.905600695248021,24850.89202022802,0.578289998696542,1.4297992061687361,Bombala,Bombala,5.0,False
69,umina6611kv,Umina 66_11kV,2016,3,4.686336405912072,21491.368655590148,0.5235118381940195,0.9983605030659805,Bombala,Bombala,5.0,False
70,auburn3311kv,Auburn 33_11kV,2024,1,4.888137030953447,25723.153559503313,0.6007264191128987,1.3983478171199035,Bombala,Bombala,5.0,False
71,homebushbay13211kv,Homebush Bay 132_11kV,2019,1,5.589035519722218,29613.621465909262,0.6048539830750189,1.7245348467847699,Bombala,Bombala,5.0,False
72,jesmond13211kv,Jesmond 132_11kV,2024,0,5.0814141545691704,23931.008073238085,0.5376161347160721,1.3248039531323812,Bombala,Bombala,5.0,False
73,rosebay13211kv,Rose Bay 132_11kV,2025,2,5.261781113802316,24883.736081936608,0.5398569572425407,1.361712569554377,Bombala,Bombala,5.0,False
74,broadmeadow13211kv,Broadmeadow 132_11kV,2024,2,4.630794114041609,22947.092737775805,0.5656764412190742,1.3016620620612993,Bombala,Bombala,5.0,False
75,pottshill13211kv,Potts Hill 132_11kV,2017,0,5.1230958338939505,29881.799056144722,0.6658404188435526,1.750713426087273,Bombala,Bombala,5.0,False
76,balgowlahnorth13211kv,Balgowlah North 132_11kV,2021,2,4.615360281461921,21014.824758593357,0.5197758033427173,1.1489550886763884,Bombala,Bombala,5.0,False
77,homebushbay13211kv,Homebush Bay 132_11kV,2020,1,4.931236827384519,27593.38765405905,0.6387708008674201,1.6886177553874455,Bombala,Bombala,5.0,False
78,northsydney13211kv,North Sydney 132_11kV,2019,1,5.527848669627261,26876.603875962533,0.5550270364943631,1.314437392715294,Bombala,Bombala,5.0,False
79,citysouth13211kv,City South 132_11kV,2021,1,5.163198760475604,24968.018475650846,0.5520280260007459,1.2678066277254312,Bombala,Bombala,5.0,False
80,terreyhills3311kv,Terrey Hills 33_11kV,2015,1,5.592667279259685,28471.686115318706,0.5811524835333841,1.2683373342956672,Bombala,Bombala,5.0,False
81,tomalpin3311kv,Tomalpin 33_11kV,2015,1,5.0028120813856605,22460.015911342172,0.5124975144563861,0.5416270847558745,Bombala,Bombala,5.0,False
82,milperra13211kv,Milperra 132_11kV,2024,1,4.03093773698017,20952.10895133836,0.5933590185089398,1.1906362433265505,Bombala,Bombala,5.0,False
83,denman6611kv,Denman 66_11kV,2015,3,5.320388832856784,25044.671202448873,0.5373631177513071,1.3789483628269767,Bombala,Bombala,5.0,False
84,newlambton3311kv,New Lambton 33_11kV,2021,0,5.194416580009999,27288.070991433462,0.5996971073100965,1.7846742756750322,Bombala,Bombala,5.0,False
85,mortdale3311kv,Mortdale 33_11kV,2022,3,4.881547873014813,22280.477303779233,0.5210301216601141,1.1865551716585303,Bombala,Bombala,5.0,False
86,avoca6611kv,Avoca 66_11kV,2016,3,4.676448901354762,21069.901355705457,0.5143304100022346,1.0548371120768816,Bombala,Bombala,5.0,False
87,brandyhill13211kv,Brandy Hill 132_11kV,2023,3,4.9172015619696765,19138.650779702988,0.4443131847929193,0.5341806776974524,Bombala,Bombala,5.0,False
88,rnshospital13211kv,RNS Hospital 132_11kV,2023,1,4.198662443962313,23246.24659518963,0.6320301175885984,1.4267775126584814,Bombala,Bombala,5.0,False
89,brookvale3311kv,Brookvale 33_11kV,2022,1,5.2773169408705565,27321.29510214102,0.5909952611985593,1.393127214243294,Bombala,Bombala,5.0,False
90,dalleyst13211kv,Dalley St 132_11kV,2016,1,4.578972231450299,20786.672073491114,0.5182184234812235,0.9564316296918991,Bombala,Bombala,5.0,False
91,balgowlahnorth13211kv,Balgowlah North 132_11kV,2020,2,4.534871749419054,19826.325099342845,0.49908338008004066,0.9904089073055851,Bombala,Bombala,5.0,False
92,killarney3311kv,Killarney 33_11kV,2021,3,4.550955834475304,20854.174874314245,0.5231018838049583,1.1618531061005528,Bombala,Bombala,5.0,False
93,portbotany3311kv,Port Botany 33_11kV,2024,0,5.332418440786576,32088.23386372652,0.6869379130836255,2.4677347326033234,Bombala,Bombala,5.0,False
94,miranda3311kv,Miranda 33_11kV,2019,2,4.642529628817503,22296.577872635244,0.5482509860246524,1.0007181864137016,Bombala,Bombala,5.0,False
95,wamberal13211kv,Wamberal 132_11kV,2018,3,5.05636272188717,23017.65973176089,0.5196594611371708,1.260563356424056,Bombala,Bombala,5.0,False
96,riverwood3311kv,Riverwood 33_11kV,2015,3,4.729000249603108,21864.83207754529,0.5278040315581579,1.0314447445321624,Bombala,Bombala,5.0,False
97,engadine13211kv,Engadine 132_11kV,2021,3,4.946375026946818,21345.475680728923,0.4926230065037304,1.2177538469525226,Bombala,Bombala,5.0,False
98,greenacrepark13211kv,Greenacre Park 132_11kV,2017,2,4.778756357471137,25401.38708305341,0.6067900317362568,1.4413629474643284,Bombala,Bombala,5.0,False
99,medowie3311kv,Medowie 33_11kV,2019,3,4.835183377780163,20053.3306108697,0.47344491682120726,0.9157603200952201,Bombala,Bombala,5.0,False
100,kogarah13211kv,Kogarah 132_11kV,2016,2,4.981689992947352,24945.591101891765,0.5716273435606026,1.2084476792774677,Bombala,Bombala,5.0,False
1,concord3311kv,Concord 33_11kV,2018,2,8.180119449820594,42094.18733753295,0.5874330511421838,2.3446502738337336,Hallidays Point 11kV,Old Bar - Manning Point - Red Head,8.3,False
2,homebushbay13211kv,Homebush Bay 132_11kV,2017,1,7.822746957167157,40446.02984020246,0.5902180806010672,2.2464686506801486,Hallidays Point 11kV,Old Bar - Manning Point - Red Head,8.3,False
3,hornsby13211kv,Hornsby 132_11kV,2018,2,8.059293577182828,41887.59838066474,0.5933137026300931,2.192115818883117,Hallidays Point 11kV,Old Bar - Manning Point - Red Head,8.3,False
4,valespoint3311kv,Vales Point 33_11kV,2022,0,7.864341478129547,41687.14181343804,0.6051118401102755,2.6915164146488917,Hallidays Point 11kV,Old Bar - Manning Point - Red Head,8.3,False
5,menai13211kv,Menai 132_11kV,2015,3,7.986994292649878,31905.630138076507,0.45601575358497276,1.5237995672477238,Hallidays Point 11kV,Old Bar - Manning Point - Red Head,8.3,False
6,rutherford3311kv,Rutherford 33_11kV,2019,0,7.2185580618014065,35790.62759539863,0.5659978137859458,1.9328707168639923,Hallidays Point 11kV,Old Bar - Manning Point - Red Head,8.3,False
7,nelsonbay3311kv,Nelson Bay 33_11kV,2015,3,8.822664347084405,44738.018483642445,0.5788591217644293,2.3594241601211623,Hallidays Point 11kV,Old Bar - Manning Point - Red Head,8.3,False
8,mascot3311kv,Mascot 33_11kV,2018,2,9.670167352415026,50740.94453512253,0.5989912124033634,2.9126378204945786,Hallidays Point 11kV,Old Bar - Manning Point - Red Head,8.3,False
9,pottshill13211kv,Potts Hill 132_11kV,2025,0,8.603353741629883,43979.97324196393,0.5835567200197469,2.690930347579286,Hallidays Point 11kV,Old Bar - Manning Point - Red Head,8.3,False
10,morisset13211kv,Morisset 132_11kV,2017,3,8.635264161227699,43280.43638413515,0.5721526281883315,2.3359517815506496,Hallidays Point 11kV,Old Bar - Manning Point - Red Head,8.3,False
11,stpeters13211kv,St Peters 132_11kV,2021,2,9.071521281600047,51938.20800451901,0.653585985696138,2.8869457882846077,Hallidays Point 11kV,Old Bar - Manning Point - Red Head,8.3,False
12,pottshill13211kv,Potts Hill 132_11kV,2022,0,8.221560804975567,44785.094871272675,0.6218349378787548,3.0065336544289303,Hallidays Point 11kV,Old Bar - Manning Point - Red Head,8.3,False
13,kingsford13211kv,Kingsford 132_11kV,2020,2,7.368002178411771,38341.932995569485,0.5940461042731796,2.0990606821408138,Hallidays Point 11kV,Old Bar - Manning Point - Red Head,8.3,False
14,baerami3311kv,Baerami 33_11kV,2020,0,7.973847947491363,39202.55008252591,0.5612317891599579,2.7526475673661976,Hallidays Point 11kV,Old Bar - Manning Point - Red Head,8.3,False
15,auburn3311kv,Auburn 33_11kV,2024,1,7.686562225958138,40330.03011495524,0.598952377016009,2.2298181259831504,Hallidays Point 11kV,Old Bar - Manning Point - Red Head,8.3,False
16,greensquare13211kv,Green Square 132_11kV,2017,1,8.460082166443016,42139.66464433172,0.5686072435058885,2.4121659643763187,Hallidays Point 11kV,Old Bar - Manning Point - Red Head,8.3,False
17,terreyhills3311kv,Terrey Hills 33_11kV,2020,1,7.277090153379986,36574.58975672258,0.5737432670308028,1.9161333250884232,Hallidays Point 11kV,Old Bar - Manning Point - Red Head,8.3,False
18,lindfield3311kv,Lindfield 33_11kV,2024,2,6.51089376316017,28987.088460531886,0.5082295124822194,1.626341015230737,Hallidays Point 11kV,Old Bar - Manning Point - Red Head,8.3,False
19,topryde13211kv,Top Ryde 132_11kV,2018,2,8.271208507742394,43929.22958404508,0.6062901486436291,2.325621182581243,Hallidays Point 11kV,Old Bar - Manning Point - Red Head,8.3,False
20,morisset13211kv,Morisset 132_11kV,2017,3,8.482590341131973,41753.44397940883,0.5619008689341117,2.3037264063185003,Hallidays Point 11kV,Old Bar - Manning Point - Red Head,8.3,False
21,lucasheights3311kv,Lucas Heights 33_11kV,2017,0,8.746347322921562,52308.97316625777,0.6827243131657692,3.9760876273966765,Hallidays Point 11kV,Old Bar - Manning Point - Red Head,8.3,False
22,pymble3311kv,Pymble 33_11kV,2017,2,7.6690198595786745,38651.62908820839,0.5753390272009246,1.9383847679144963,Hallidays Point 11kV,Old Bar - Manning Point - Red Head,8.3,False
23,galston13211kv,Galston 132_11kV,2021,3,8.572040940138308,39721.14776004968,0.5289729283661152,2.2661760868416856,Hallidays Point 11kV,Old Bar - Manning Point - Red Head,8.3,False
24,hornsby13211kv,Hornsby 132_11kV,2021,2,9.073852718799461,43457.57894132998,0.5467259599412733,2.4657873193737303,Hallidays Point 11kV,Old Bar - Manning Point - Red Head,8.3,False
25,caringbah3311kv,Caringbah 33_11kV,2020,2,8.239581954214142,43489.552644632335,0.6025258115968668,2.304547691297667,Hallidays Point 11kV,Old Bar - Manning Point - Red Head,8.3,False
26,noraville3311kv,Noraville 33_11kV,2015,3,9.459118928839345,43049.89732566278,0.5195380117112122,2.3294449534036556,Hallidays Point 11kV,Old Bar - Manning Point - Red Head,8.3,False
27,nulkaba3311kv,Nulkaba 33_11kV,2020,0,7.413565805761642,38743.59020356627,0.5965798895824492,2.4087186784575816,Hallidays Point 11kV,Old Bar - Manning Point - Red Head,8.3,False
28,leightonfield3311kv,Leightonfield 33_11kV,2023,0,8.438062742764835,48794.107036543224,0.6601163931567631,3.157469503417763,Hallidays Point 11kV,Old Bar - Manning Point - Red Head,8.3,False
29,maroubra13211kv,Maroubra 132_11kV,2016,2,8.04957777837103,45410.29950979251,0.6439870869851411,2.7909739786706815,Hallidays Point 11kV,Old Bar - Manning Point - Red Head,8.3,False
30,zetland13211kv,Zetland 132_11kV,2021,2,7.670592310963564,42334.57124403694,0.6300313478302836,2.289042412007882,Hallidays Point 11kV,Old Bar - Manning Point - Red Head,8.3,False
31,rockdale3311kv,Rockdale 33_11kV,2017,2,8.012794314542859,40888.7178586151,0.5825261042249262,2.0095131883060815,Hallidays Point 11kV,Old Bar - Manning Point - Red Head,8.3,False
32,careelbay3311kv,Careel Bay 33_11kV,2019,2,8.574870915884668,39106.45372765836,0.520615072848099,2.1668602152591747,Hallidays Point 11kV,Old Bar - Manning Point - Red Head,8.3,False
33,tomaree3311kv,Tomaree 33_11kV,2022,3,7.866488669032361,32492.9400760389,0.47152419469052664,1.7339646385275511,Hallidays Point 11kV,Old Bar - Manning Point - Red Head,8.3,False
34,leichhardt13211kv,Leichhardt 132_11kV,2023,2,7.5212166986037845,36945.71385443315,0.5607533212598016,2.234307244058913,Hallidays Point 11kV,Old Bar - Manning Point - Red Head,8.3,False
35,caringbah3311kv,Caringbah 33_11kV,2021,2,8.859911468477618,47273.25929407985,0.609090825139214,2.6187836151785597,Hallidays Point 11kV,Old Bar - Manning Point - Red Head,8.3,False
36,homebushbay13211kv,Homebush Bay 132_11kV,2020,1,7.6228164574054516,40576.997284049794,0.6076595627631575,2.40122721117582,Hallidays Point 11kV,Old Bar - Manning Point - Red Head,8.3,False
37,kirrawee13211kv,Kirrawee 132_11kV,2016,2,8.534020253233008,40013.062188663025,0.5352343945233747,2.006766138010204,Hallidays Point 11kV,Old Bar - Manning Point - Red Head,8.3,False
38,arncliffe3311kv,Arncliffe 33_11kV,2015,2,8.696786610899823,44490.5442971935,0.5839891772560123,2.3421651660585745,Hallidays Point 11kV,Old Bar - Manning Point - Red Head,8.3,False
39,tomalpin3311kv,Tomalpin 33_11kV,2019,1,7.662427665412711,40787.78558754777,0.6076585790521162,1.0984319727488274,Hallidays Point 11kV,Old Bar - Manning Point - Red Head,8.3,False
40,strathfieldsouth13211kv,Strathfield South 132_11kV,2023,0,7.679805273887919,41252.193519823915,0.6131867076639307,2.559591772041504,Hallidays Point 11kV,Old Bar - Manning Point - Red Head,8.3,False
41,revesby13211kv,Revesby 132_11kV,2024,3,7.310421899535788,32238.81155026296,0.5034223304210591,1.3391739104688283,Hallidays Point 11kV,Old Bar - Manning Point - Red Head,8.3,False
42,huntershill6611kv,Hunters Hill 66_11kV,2017,2,8.73531053665054,43235.363085238714,0.5650106782676687,2.251955615518385,Hallidays Point 11kV,Old Bar - Manning Point - Red Head,8.3,False
43,baerami3311kv,Baerami 33_11kV,2016,0,7.912457042294627,38373.47689646613,0.5536249825907795,2.3904018350004064,Hallidays Point 11kV,Old Bar - Manning Point - Red Head,8.3,False
44,hornsby13211kv,Hornsby 132_11kV,2018,2,8.159561566248293,43233.33030185789,0.6048501060043475,2.3014733051912284,Hallidays Point 11kV,Old Bar - Manning Point - Red Head,8.3,False
45,sanssouci3311kv,Sans Souci 33_11kV,2018,3,7.986556994101273,35418.754521808354,0.5062553013199923,1.7265359712841264,Hallidays Point 11kV,Old Bar - Manning Point - Red Head,8.3,False
46,belmorepark13211kv,Belmore Park 132_11kV,2024,1,7.6600049853633,35778.464093053604,0.5331980281743697,1.7849762075921534,Hallidays Point 11kV,Old Bar - Manning Point - Red Head,8.3,False
47,baerami3311kv,Baerami 33_11kV,2021,0,8.237545342459288,41804.8534306519,0.5793283489092304,2.8699820554812483,Hallidays Point 11kV,Old Bar - Manning Point - Red Head,8.3,False
48,kingsford13211kv,Kingsford 132_11kV,2015,2,7.575637523545326,36799.874832294925,0.5545274493931098,1.9989217088310223,Hallidays Point 11kV,Old Bar - Manning Point - Red Head,8.3,False
49,baerami3311kv,Baerami 33_11kV,2018,0,9.097489125204822,46842.534231296835,0.5877799012109366,3.0322496752469545,Hallidays Point 11kV,Old Bar - Manning Point - Red Head,8.3,False
50,revesby13211kv,Revesby 132_11kV,2024,3,7.786797151648653,33621.17075599189,0.4928898386046528,1.4062046314374688,Hallidays Point 11kV,Old Bar - Manning Point - Red Head,8.3,False
51,tarro3311kv,Tarro 33_11kV,2024,0,8.461110425941332,45455.28666439756,0.6132717106464515,2.579329033496528,Hallidays Point 11kV,Old Bar - Manning Point - Red Head,8.3,False
52,maitland3311kv,Maitland 33_11kV,2017,2,8.80693293886114,41711.29468680819,0.5406607900238685,2.299372452819372,Hallidays Point 11kV,Old Bar - Manning Point - Red Head,8.3,False
53,auburn3311kv,Auburn 33_11kV,2020,1,7.720106946890784,36076.27101203929,0.5334506122727573,1.8991329509542483,Hallidays Point 11kV,Old Bar - Manning Point - Red Head,8.3,False
54,sefton13211kv,Sefton 132_11kV,2020,0,8.348716152478952,41874.9794037964,0.5725729205643596,2.357740859459993,Hallidays Point 11kV,Old Bar - Manning Point - Red Head,8.3,False
55,empirebay6611kv,Empire Bay 66_11kV,2018,3,9.148865405911758,37840.05452045364,0.4721504509401991,2.1143314742804944,Hallidays Point 11kV,Old Bar - Manning Point - Red Head,8.3,False
56,scone6611kv,Scone 66_11kV,2025,3,7.9025355305923,32495.432618184615,0.46940937590498,1.595779164211947,Hallidays Point 11kV,Old Bar - Manning Point - Red Head,8.3,False
57,edgeworth3311kv,Edgeworth 33_11kV,2015,3,8.626190643696802,38414.87296564417,0.5083657030195914,2.0631970492625427,Hallidays Point 11kV,Old Bar - Manning Point - Red Head,8.3,False
58,enfield3311kv,Enfield 33_11kV,2015,0,7.321809466019241,36946.53360054155,0.576038046544893,2.2406399455116857,Hallidays Point 11kV,Old Bar - Manning Point - Red Head,8.3,False
59,williamtown3311kv,Williamtown 33_11kV,2023,0,8.806964652025,42302.94627172772,0.5483277890261904,2.3683948565077433,Hallidays Point 11kV,Old Bar - Manning Point - Red Head,8.3,False
60,gorehill3311kv,Gore Hill 33_11kV,2025,1,8.108859296190014,45611.73321292938,0.6421148363457106,2.490460840264306,Hallidays Point 11kV,Old Bar - Manning Point - Red Head,8.3,False
61,basshill3311kv,Bass Hill 33_11kV,2024,0,8.4612784688261,42237.95811517423,0.5698529760140421,2.6555448875390804,Hallidays Point 11kV,Old Bar - Manning Point - Red Head,8.3,False
62,surryhills3311kv,Surry Hills 33_11kV,2016,2,7.7188883471861525,41916.37346186606,0.6199045671164222,2.123052572963325,Hallidays Point 11kV,Old Bar - Manning Point - Red Head,8.3,False
63,galston13211kv,Galston 132_11kV,2022,3,7.718604423175186,36146.84488022555,0.5345982160826219,2.062290047017453,Hallidays Point 11kV,Old Bar - Manning Point - Red Head,8.3,False
64,brookvale3311kv,Brookvale 33_11kV,2015,1,7.402201486593413,32629.553036260477,0.5032063539795831,1.3962121617603038,Hallidays Point 11kV,Old Bar - Manning Point - Red Head,8.3,False
65,erina6611kv,Erina 66_11kV,2018,2,7.930501235637326,41920.28499611984,0.6034196981337385,2.136739294467526,Hallidays Point 11kV,Old Bar - Manning Point - Red Head,8.3,False
66,homebushbay13211kv,Homebush Bay 132_11kV,2025,1,8.075052145764007,43969.89867753759,0.6215928684542285,2.5980112586249033,Hallidays Point 11kV,Old Bar - Manning Point - Red Head,8.3,False
67,raymondterrnew3311kv,Raymond Terr NEW 33_11kV,2025,0,7.996385274805805,35217.92234020383,0.5027660163019466,1.615850863907224,Hallidays Point 11kV,Old Bar - Manning Point - Red Head,8.3,False
68,branxton6611kv,Branxton 66_11kV,2019,3,7.432998421780536,33235.850083734564,0.5104328829257122,1.7956618256176986,Hallidays Point 11kV,Old Bar - Manning Point - Red Head,8.3,False
69,pennanthills13211kv,Pennant Hills 132_11kV,2017,3,9.266617946725036,45791.07173889767,0.5640991486265078,2.4873216365951243,Hallidays Point 11kV,Old Bar - Manning Point - Red Head,8.3,False
70,cronulla13211kv,Cronulla 132_11kV,2016,3,7.681254768289223,33889.459323316216,0.5036494500970995,1.64071967580581,Hallidays Point 11kV,Old Bar - Manning Point - Red Head,8.3,False
71,miranda3311kv,Miranda 33_11kV,2022,2,8.576204810261027,41880.252762314005,0.5574552937720879,2.045584556243723,Hallidays Point 11kV,Old Bar - Manning Point - Red Head,8.3,False
72,jesmond13211kv,Jesmond 132_11kV,2016,0,8.690190440160961,43945.48495106634,0.5772724896732385,2.321244094560873,Hallidays Point 11kV,Old Bar - Manning Point - Red Head,8.3,False
73,merriwa3311kv,Merriwa 33_11kV,2017,3,9.20223341212223,39738.96221921994,0.4929685011318928,2.31051567861923,Hallidays Point 11kV,Old Bar - Manning Point - Red Head,8.3,False
74,monavale3311kv,Mona Vale 33_11kV,2016,2,8.36111653944061,42626.09103709906,0.5819787470452213,1.9623621281342283,Hallidays Point 11kV,Old Bar - Manning Point - Red Head,8.3,False
75,terreyhills3311kv,Terrey Hills 33_11kV,2025,1,8.171676420334713,43164.70705266513,0.6029947492520391,2.544304793027606,Hallidays Point 11kV,Old Bar - Manning Point - Red Head,8.3,False
76,moonan3311kv,Moonan 33_11kV,2022,0,9.17899081067692,51415.91613605127,0.639438140885456,3.716296044032182,Hallidays Point 11kV,Old Bar - Manning Point - Red Head,8.3,False
77,darlinghurst3311kv,Darlinghurst 33_11kV,2016,1,8.069129296012639,41061.7166922145,0.5809066144992012,2.1571064792186685,Hallidays Point 11kV,Old Bar - Manning Point - Red Head,8.3,False
78,kirrawee13211kv,Kirrawee 132_11kV,2023,2,7.626458995291491,36106.9078015119,0.5404596196703125,2.0849484595687486,Hallidays Point 11kV,Old Bar - Manning Point - Red Head,8.3,False
79,beaconhill3311kv,Beacon Hill 33_11kV,2016,2,8.229242707097582,42856.840034680645,0.5945058994399031,2.078374913701183,Hallidays Point 11kV,Old Bar - Manning Point - Red Head,8.3,False
80,cessnocksouth3311kv,Cessnock South 33_11kV,2019,3,8.42904574879064,37968.83088782219,0.5142149603556664,2.2478441000955645,Hallidays Point 11kV,Old Bar - Manning Point - Red Head,8.3,False
81,jesmond13211kv,Jesmond 132_11kV,2018,0,8.158958742379852,42171.33553468842,0.5900360022574199,2.451363556691134,Hallidays Point 11kV,Old Bar - Manning Point - Red Head,8.3,False
82,menai13211kv,Menai 132_11kV,2019,3,6.657894074140198,27849.84179714964,0.47750920173909295,1.56325937899546,Hallidays Point 11kV,Old Bar - Manning Point - Red Head,8.3,False
83,camperdown335kv,Camperdown 33_5kV,2015,2,8.406797703886022,44215.095115587486,0.6003933322713807,2.387592465086911,Hallidays Point 11kV,Old Bar - Manning Point - Red Head,8.3,False
84,meadowbank13211kv,Meadowbank 132_11kV,2023,0,9.67547041396765,50300.10148209892,0.5934616583443132,3.2893081645442024,Hallidays Point 11kV,Old Bar - Manning Point - Red Head,8.3,False
85,pottshill13211kv,Potts Hill 132_11kV,2022,0,9.453291962059279,51625.37919332565,0.6234133200100791,3.4872483924343447,Hallidays Point 11kV,Old Bar - Manning Point - Red Head,8.3,False
86,citynorth13211kv,City North 132_11kV,2021,1,8.382892074771954,40572.148206303,0.5524971246834051,2.185862537502426,Hallidays Point 11kV,Old Bar - Manning Point - Red Head,8.3,False
87,gorehill3311kv,Gore Hill 33_11kV,2015,1,7.868562718424684,40615.6921529152,0.5892428775013008,2.1658153314252933,Hallidays Point 11kV,Old Bar - Manning Point - Red Head,8.3,False
88,rnshospital13211kv,RNS Hospital 132_11kV,2025,1,9.822790541442634,52849.43591552302,0.6141880562526855,3.2436335108077383,Hallidays Point 11kV,Old Bar - Manning Point - Red Head,8.3,False
89,darlinghurst3311kv,Darlinghurst 33_11kV,2017,1,8.002201281242158,41461.154559716815,0.5914633167848169,2.192551883069259,Hallidays Point 11kV,Old Bar - Manning Point - Red Head,8.3,False
90,newlambton3311kv,New Lambton 33_11kV,2019,0,7.431567540763864,40105.19431367869,0.6160501810480989,2.44063126417737,Hallidays Point 11kV,Old Bar - Manning Point - Red Head,8.3,False
91,northsydney13211kv,North Sydney 132_11kV,2024,1,8.716013527708208,42761.49981330845,0.5600553205728224,2.289950826840886,Hallidays Point 11kV,Old Bar - Manning Point - Red Head,8.3,False
92,newcastlecbd3311kv,Newcastle CBD 33_11kV,2017,1,7.85742152915314,39767.81342235018,0.5777601102009439,1.8694635083093598,Hallidays Point 11kV,Old Bar - Manning Point - Red Head,8.3,False
93,baerami3311kv,Baerami 33_11kV,2019,0,8.79374904848075,45412.35343033163,0.5895163237190709,3.0342469310530373,Hallidays Point 11kV,Old Bar - Manning Point - Red Head,8.3,False
94,beaconhill3311kv,Beacon Hill 33_11kV,2019,2,9.292071815496673,47067.16834105506,0.5782310478416894,2.620746501384186,Hallidays Point 11kV,Old Bar - Manning Point - Red Head,8.3,False
95,williamtown3311kv,Williamtown 33_11kV,2017,0,8.43056853832381,46344.74206976768,0.6275372350055854,2.2255369036141297,Hallidays Point 11kV,Old Bar - Manning Point - Red Head,8.3,False
96,wamberal13211kv,Wamberal 132_11kV,2021,3,8.463482958638608,35561.64166737102,0.479654553023125,1.7279462755534762,Hallidays Point 11kV,Old Bar - Manning Point - Red Head,8.3,False
97,newcastlecbd3311kv,Newcastle CBD 33_11kV,2023,1,8.408327026308273,42394.22097453836,0.5755631206013785,2.1984503427687376,Hallidays Point 11kV,Old Bar - Manning Point - Red Head,8.3,False
98,woywoy6611kv,Woy Woy 66_11kV,2018,3,7.96089898855073,40390.475288813046,0.5791789164706523,2.263514587291753,Hallidays Point 11kV,Old Bar - Manning Point - Red Head,8.3,False
99,rosebay13211kv,Rose Bay 132_11kV,2019,2,8.66449030398503,40569.14569182485,0.534501263498269,2.0241996760238266,Hallidays Point 11kV,Old Bar - Manning Point - Red Head,8.3,False
100,concord3311kv,Concord 33_11kV,2015,2,8.58829406505915,44886.37803533653,0.596627888919779,2.4920332638388913,Hallidays Point 11kV,Old Bar - Manning Point - Red Head,8.3,False
1,manly3311kv,Manly 33_11kV,2019,2,3.107809844576098,15289.815275190826,0.5616214601075206,0.8028815606724794,Merrywinebone,Walgett - Lightning Ridge,2.6,True
2,homebushbay13211kv,Homebush Bay 132_11kV,2016,1,2.615510177812297,13090.79763442867,0.5713544165411738,0.708174432296396,Merrywinebone,Walgett - Lightning Ridge,2.6,True
3,citysouth13211kv,City South 132_11kV,2023,1,2.5605953869824676,12157.386075781023,0.5419948297029009,0.5800287130065446,Merrywinebone,Walgett - Lightning Ridge,2.6,True
4,nulkaba3311kv,Nulkaba 33_11kV,2020,0,3.1823652295304017,16204.297460531248,0.5812675518869744,0.9825201122112929,Merrywinebone,Walgett - Lightning Ridge,2.6,True
5,citycentral13211kv,City Central 132_11kV,2019,1,2.4393331747741884,11337.875926311135,0.5305868370767444,0.5396748581615332,Merrywinebone,Walgett - Lightning Ridge,2.6,True
6,doublebay13211kv,Double Bay 132_11kV,2024,2,2.64852131628365,13465.46584064149,0.5803818248792981,0.7199150543730432,Merrywinebone,Walgett - Lightning Ridge,2.6,True
7,mosman13211kv,Mosman 132_11kV,2016,2,2.1583164595364015,10379.18728335199,0.5489643215855166,0.5427692776087054,Merrywinebone,Walgett - Lightning Ridge,2.6,True
8,pymble3311kv,Pymble 33_11kV,2023,2,2.715336278346085,12767.204795952352,0.5367451101656201,0.7719958854476693,Merrywinebone,Walgett - Lightning Ridge,2.6,True
9,tomago3311kv,Tomago 33_11kV,2017,1,2.9958769774745817,13129.513964619437,0.5002885549930326,0.7033908498839934,Merrywinebone,Walgett - Lightning Ridge,2.6,True
10,tarro3311kv,Tarro 33_11kV,2023,0,2.808863734701098,15327.636747049659,0.6229316860941061,0.9903384341895988,Merrywinebone,Walgett - Lightning Ridge,2.6,True
11,monavale3311kv,Mona Vale 33_11kV,2016,2,2.4840556567535264,13059.700518548452,0.6001610263744126,0.5929525935603688,Merrywinebone,Walgett - Lightning Ridge,2.6,True
12,citycentral13211kv,City Central 132_11kV,2025,1,3.0827967108376666,14799.601993053042,0.5480258482087611,0.667554655979744,Merrywinebone,Walgett - Lightning Ridge,2.6,True
13,lisarow3311kv,Lisarow 33_11kV,2020,3,2.6653852891773613,12787.379517599733,0.547668108697514,0.7661146025448435,Merrywinebone,Walgett - Lightning Ridge,2.6,True
14,valespoint3311kv,Vales Point 33_11kV,2018,0,2.755476815959773,16483.168809199597,0.6828728386042988,1.2116571227031205,Merrywinebone,Walgett - Lightning Ridge,2.6,True
15,leichhardt13211kv,Leichhardt 132_11kV,2023,2,2.476879302727342,12589.673519437933,0.580237131788814,0.7378354187536419,Merrywinebone,Walgett - Lightning Ridge,2.6,True
16,broadmeadow3311kv,Broadmeadow 33_11kV,2018,0,2.05897766297518,12694.201191844033,0.7038006051034168,1.0103802847608951,Merrywinebone,Walgett - Lightning Ridge,2.6,True
17,avoca6611kv,Avoca 66_11kV,2022,3,2.8702540194795154,12561.576552168699,0.49959687063052616,0.6489185783954241,Merrywinebone,Walgett - Lightning Ridge,2.6,True
18,citysouth13211kv,City South 132_11kV,2023,1,2.677370682719637,13107.247391975317,0.5588546731547533,0.615631836197844,Merrywinebone,Walgett - Lightning Ridge,2.6,True
19,stockton3311kv,Stockton 33_11kV,2019,3,2.6687290646955466,11090.638585022622,0.47440358399134974,0.618378446415993,Merrywinebone,Walgett - Lightning Ridge,2.6,True
20,sefton13211kv,Sefton 132_11kV,2020,0,2.3978088485412914,11688.722196276909,0.5564784776949879,0.6984719799497143,Merrywinebone,Walgett - Lightning Ridge,2.6,True
21,strathfieldsouth13211kv,Strathfield South 132_11kV,2024,0,2.3785649308894095,11677.580456941434,0.560445969952718,0.7213895240661969,Merrywinebone,Walgett - Lightning Ridge,2.6,True
22,matraville3311kv,Matraville 33_11kV,2018,0,3.456784656907132,18057.884514147136,0.5963351919184935,1.1203803494437583,Merrywinebone,Walgett - Lightning Ridge,2.6,True
23,cessnock3311kv,Cessnock 33_11kV,2016,2,3.310533363770697,15466.197006721683,0.5333121311594585,0.8862659152962966,Merrywinebone,Walgett - Lightning Ridge,2.6,True
24,gorehill3311kv,Gore Hill 33_11kV,2025,1,2.8140023144473334,15887.618807568953,0.6445108824921086,0.8627329074851519,Merrywinebone,Walgett - Lightning Ridge,2.6,True
25,mosman13211kv,Mosman 132_11kV,2024,2,2.0278825607161957,9450.533315407167,0.5319972788073585,0.530638287924122,Merrywinebone,Walgett - Lightning Ridge,2.6,True
26,paddington3311kv,Paddington 33_11kV,2018,2,2.834317386688352,15340.376470051891,0.6178505402286086,0.8011366411043868,Merrywinebone,Walgett - Lightning Ridge,2.6,True
27,raymondterrnew3311kv,Raymond Terr NEW 33_11kV,2019,0,2.810711219820605,14344.505922721926,0.5825929980150445,0.7989320511514924,Merrywinebone,Walgett - Lightning Ridge,2.6,True
28,kingsford13211kv,Kingsford 132_11kV,2023,2,2.922713374908702,14784.59589893385,0.5774563022013343,0.8482568396746405,Merrywinebone,Walgett - Lightning Ridge,2.6,True
29,cityeast3311kv,City East 33_11kV,2021,1,2.9045952942930624,14388.925395275379,0.565507833529181,0.7927486368590375,Merrywinebone,Walgett - Lightning Ridge,2.6,True
30,clovelly13211kv,Clovelly 132_11kV,2017,2,2.8579917594305986,13937.27657427979,0.5566892564739815,0.7556173216713429,Merrywinebone,Walgett - Lightning Ridge,2.6,True
31,rutherford3311kv,Rutherford 33_11kV,2024,0,2.8089659879496005,12555.882779711974,0.5102660403048042,0.49952228728995757,Merrywinebone,Walgett - Lightning Ridge,2.6,True
32,torontowest13211kv,Toronto West 132_11kV,2024,3,3.4786603133592258,15605.248939355366,0.512099760059153,0.5997535710466911,Merrywinebone,Walgett - Lightning Ridge,2.6,True
33,menai13211kv,Menai 132_11kV,2022,3,3.228557877607844,12583.022341642698,0.444910120859993,0.5613984858133992,Merrywinebone,Walgett - Lightning Ridge,2.6,True
34,greensquare13211kv,Green Square 132_11kV,2023,1,2.5644088801483647,14388.062249977356,0.6404879004675068,0.8992144065927006,Merrywinebone,Walgett - Lightning Ridge,2.6,True
35,lakemunmorah13211kv,Lake Munmorah 132_11kV,2017,3,2.02753829819502,9230.12162057728,0.5196779032988336,0.5504581254833488,Merrywinebone,Walgett - Lightning Ridge,2.6,True
36,paddington3311kv,Paddington 33_11kV,2018,2,3.2027510803874124,17073.638449413113,0.6085535329386447,0.9539317261167286,Merrywinebone,Walgett - Lightning Ridge,2.6,True
37,narrabeen3311kv,Narrabeen 33_11kV,2017,2,2.6511404858507963,12608.14341490643,0.5428930626795749,0.6088776780248193,Merrywinebone,Walgett - Lightning Ridge,2.6,True
38,matraville3311kv,Matraville 33_11kV,2022,0,2.4285006300095064,12046.41002248316,0.5662592566283572,0.8302336693973225,Merrywinebone,Walgett - Lightning Ridge,2.6,True
39,moonan3311kv,Moonan 33_11kV,2020,0,2.3596442090148404,13137.270657744053,0.6355570155533941,0.8877165881169952,Merrywinebone,Walgett - Lightning Ridge,2.6,True
40,engadine13211kv,Engadine 132_11kV,2023,3,2.170603251034593,9449.432125778621,0.49695968019450903,0.43908781299666605,Merrywinebone,Walgett - Lightning Ridge,2.6,True
41,citycentral13211kv,City Central 132_11kV,2025,1,3.156477827165317,14654.81610820604,0.5299971375905097,0.6931875260022924,Merrywinebone,Walgett - Lightning Ridge,2.6,True
42,newport3311kv,Newport 33_11kV,2023,3,2.7077391353642626,11968.324472490589,0.5045711634688014,0.7210178905121534,Merrywinebone,Walgett - Lightning Ridge,2.6,True
43,enfield3311kv,Enfield 33_11kV,2015,0,2.5197359955814167,12469.469559557903,0.5649224488872777,0.6865686438891953,Merrywinebone,Walgett - Lightning Ridge,2.6,True
44,terreyhills3311kv,Terrey Hills 33_11kV,2025,1,2.812209771674138,14947.561031746765,0.6067621984390347,0.8265817404716218,Merrywinebone,Walgett - Lightning Ridge,2.6,True
45,huntershill6611kv,Hunters Hill 66_11kV,2024,2,3.4264419636362553,15523.78292566619,0.5171899472844811,0.9021632358797597,Merrywinebone,Walgett - Lightning Ridge,2.6,True
46,manly3311kv,Manly 33_11kV,2018,2,2.2476708027901817,11296.164295470822,0.5737123383392927,0.5794264110749588,Merrywinebone,Walgett - Lightning Ridge,2.6,True
47,lindfield3311kv,Lindfield 33_11kV,2015,2,2.3733549483863503,11160.293590293391,0.5367954416087659,0.5819404851327595,Merrywinebone,Walgett - Lightning Ridge,2.6,True
48,jannali3311kv,Jannali 33_11kV,2020,3,2.9900843815157745,12724.893493667802,0.48581017361883844,0.661120969533113,Merrywinebone,Walgett - Lightning Ridge,2.6,True
49,westgosford13211kv,West Gosford 132_11kV,2016,2,2.4978420514889215,13131.343656311717,0.6001227467600526,0.6196782215511344,Merrywinebone,Walgett - Lightning Ridge,2.6,True
50,aberdeen6611kv,Aberdeen 66_11kV,2022,3,2.218932434719933,9708.003366937188,0.49943817355377396,0.40330454945322297,Merrywinebone,Walgett - Lightning Ridge,2.6,True
51,cessnocksouth3311kv,Cessnock South 33_11kV,2022,3,2.4732436452785267,10627.822789435202,0.4905387230780745,0.49303927354552013,Merrywinebone,Walgett - Lightning Ridge,2.6,True
52,sanssouci3311kv,Sans Souci 33_11kV,2015,3,1.8568005379166417,8565.937439450488,0.5266299312690078,0.40114361448966285,Merrywinebone,Walgett - Lightning Ridge,2.6,True
53,berowra13211kv,Berowra 132_11kV,2015,3,2.1386074900496435,9495.691308135702,0.5068639435176231,0.46116352755577483,Merrywinebone,Walgett - Lightning Ridge,2.6,True
54,northsydney13211kv,North Sydney 132_11kV,2024,1,2.6929968975146257,13392.82371522393,0.5677173843448978,0.6610501909440651,Merrywinebone,Walgett - Lightning Ridge,2.6,True
55,tomago3311kv,Tomago 33_11kV,2015,1,2.14886720023094,9347.108004523066,0.4965506763697976,0.36160855031363104,Merrywinebone,Walgett - Lightning Ridge,2.6,True
56,campbellst13211kv,Campbell St 132_11kV,2022,1,2.927028636124658,15405.945462265307,0.6008378434064142,0.8763167480585815,Merrywinebone,Walgett - Lightning Ridge,2.6,True
57,tomalpin3311kv,Tomalpin 33_11kV,2015,1,2.751186715286556,12891.256617115305,0.5348981326786175,0.35423210025393137,Merrywinebone,Walgett - Lightning Ridge,2.6,True
58,rnshospital13211kv,RNS Hospital 132_11kV,2018,1,2.530611109997557,13005.617744919135,0.5866802504963747,0.7727156669855318,Merrywinebone,Walgett - Lightning Ridge,2.6,True
59,basshill3311kv,Bass Hill 33_11kV,2021,0,2.7655019824348384,13986.61528939612,0.5773438569642801,0.7515210268759696,Merrywinebone,Walgett - Lightning Ridge,2.6,True
60,mayfieldwest13211kv,Mayfield West 132_11kV,2020,0,2.3514342577206446,12854.937541255866,0.6240695943817334,0.7686316952804346,Merrywinebone,Walgett - Lightning Ridge,2.6,True
61,strathfieldsouth13211kv,Strathfield South 132_11kV,2023,0,1.9436879469616042,9919.648230703271,0.5825934851229276,0.6141485537297289,Merrywinebone,Walgett - Lightning Ridge,2.6,True
62,maroubra13211kv,Maroubra 132_11kV,2018,2,2.2438998700590957,12199.83866438131,0.6206496400314838,0.7246976221073931,Merrywinebone,Walgett - Lightning Ridge,2.6,True
63,darlinghurst3311kv,Darlinghurst 33_11kV,2017,1,2.665717572464709,14100.349114121054,0.6038257431817137,0.714658664093021,Merrywinebone,Walgett - Lightning Ridge,2.6,True
64,brookvale3311kv,Brookvale 33_11kV,2022,1,2.8037376028975554,14073.382755046448,0.5730031730334584,0.6587653438370507,Merrywinebone,Walgett - Lightning Ridge,2.6,True
65,riverwood3311kv,Riverwood 33_11kV,2023,3,2.8636279317869406,13428.856280500579,0.5353259912811936,0.7945320344880147,Merrywinebone,Walgett - Lightning Ridge,2.6,True
66,burwood13211kv,Burwood 132_11kV,2020,2,3.162777324774939,16616.958672639656,0.5997618218724778,0.8892810497993731,Merrywinebone,Walgett - Lightning Ridge,2.6,True
67,drummoyne13211kv,Drummoyne 132_11kV,2023,2,2.573716910727926,11703.995791841133,0.519121809165646,0.6273913488220949,Merrywinebone,Walgett - Lightning Ridge,2.6,True
68,mosman13211kv,Mosman 132_11kV,2016,2,2.410199205455231,12031.419723852257,0.5698490552387224,0.6321114993735435,Merrywinebone,Walgett - Lightning Ridge,2.6,True
69,gwawleybay3311kv,Gwawley Bay 33_11kV,2016,2,2.8864106825269165,15492.155554307721,0.6127024538579339,0.7052438123943543,Merrywinebone,Walgett - Lightning Ridge,2.6,True
70,rothbury13211kv,Rothbury 132_11kV,2018,0,3.0414351064164133,15534.978660276469,0.5830798055500964,0.9345345174648892,Merrywinebone,Walgett - Lightning Ridge,2.6,True
71,stives3311kv,St Ives 33_11kV,2022,3,3.1436688133072006,14455.143714972488,0.5249059805806799,0.8031195267249657,Merrywinebone,Walgett - Lightning Ridge,2.6,True
72,paxton3311kv,Paxton 33_11kV,2025,3,2.4475245888130868,9551.56114395696,0.4454953654668147,0.3460991335680309,Merrywinebone,Walgett - Lightning Ridge,2.6,True
73,leightonfield3311kv,Leightonfield 33_11kV,2022,0,2.4665938523150515,13938.025071549993,0.6450590764939675,0.819926770561126,Merrywinebone,Walgett - Lightning Ridge,2.6,True
74,blakehurst3311kv,Blakehurst 33_11kV,2024,3,2.526547569772473,10933.97228316347,0.49402210624979587,0.5818204053878945,Merrywinebone,Walgett - Lightning Ridge,2.6,True
75,newdell6611kv,Newdell 66_11kV,2021,0,2.5026692222805758,15108.481510669279,0.689149203523707,1.0948488868484048,Merrywinebone,Walgett - Lightning Ridge,2.6,True
76,tomago3311kv,Tomago 33_11kV,2017,1,2.4028510527461844,10501.937618037391,0.49892868927095,0.5094426247457939,Merrywinebone,Walgett - Lightning Ridge,2.6,True
77,newcastlecbd3311kv,Newcastle CBD 33_11kV,2024,1,2.133532881125362,10688.241175434707,0.5718772213155029,0.5383957932203787,Merrywinebone,Walgett - Lightning Ridge,2.6,True
78,lidcombe3311kv,Lidcombe 33_11kV,2015,2,3.252615159288566,17597.77078087717,0.6176193138883063,0.9844666674296968,Merrywinebone,Walgett - Lightning Ridge,2.6,True
79,northsydney13211kv,North Sydney 132_11kV,2019,1,2.3455764855120913,11484.537597686252,0.5589330733004222,0.5413091708855188,Merrywinebone,Walgett - Lightning Ridge,2.6,True
80,bankstown13211kv,Bankstown 132_11kV,2023,2,2.621735272223734,13718.510799005944,0.5973295863011835,0.7126934897340621,Merrywinebone,Walgett - Lightning Ridge,2.6,True
81,caringbah3311kv,Caringbah 33_11kV,2021,2,2.354815955027614,12278.104917521012,0.5952100619198946,0.6645072720101671,Merrywinebone,Walgett - Lightning Ridge,2.6,True
82,somersby13211kv,Somersby 132_11kV,2015,0,3.1165798920565133,16067.923730340508,0.5885419056432363,0.8901896244583115,Merrywinebone,Walgett - Lightning Ridge,2.6,True
83,engadine3311kv,Engadine 33_11kV,2015,0,3.026955454776386,13787.051826011217,0.5199496283357691,0.7440772830709207,Merrywinebone,Walgett - Lightning Ridge,2.6,True
84,mayfieldwest13211kv,Mayfield West 132_11kV,2018,0,2.828667881791878,15318.896301667855,0.6182176655608376,0.9226572631218957,Merrywinebone,Walgett - Lightning Ridge,2.6,True
85,tarro3311kv,Tarro 33_11kV,2017,0,2.6885430440335374,15361.1550462774,0.6522330062833277,0.8859011419637649,Merrywinebone,Walgett - Lightning Ridge,2.6,True
86,westgosford13211kv,West Gosford 132_11kV,2024,2,2.937699542643436,14843.45860566945,0.5767978380167179,0.7988197394191655,Merrywinebone,Walgett - Lightning Ridge,2.6,True
87,cityeast3311kv,City East 33_11kV,2020,1,2.351260076096432,10996.712189332615,0.5338977403932034,0.4931040017440918,Merrywinebone,Walgett - Lightning Ridge,2.6,True
88,rothbury13211kv,Rothbury 132_11kV,2021,0,2.058652391487111,9844.835873221495,0.545910381083392,0.628526984485349,Merrywinebone,Walgett - Lightning Ridge,2.6,True
89,mitchellline6611kv,Mitchell Line 66_11kV,2016,3,3.356518930110355,15517.113960040413,0.5277372414647057,0.8172395300731798,Merrywinebone,Walgett - Lightning Ridge,2.6,True
90,doublebay13211kv,Double Bay 132_11kV,2017,2,2.578455345727653,13671.532223131264,0.6052760219436518,0.6374359146978175,Merrywinebone,Walgett - Lightning Ridge,2.6,True
91,tomalpin3311kv,Tomalpin 33_11kV,2024,1,2.9716747652658047,14140.485857990196,0.5431989843740715,0.31653268369679044,Merrywinebone,Walgett - Lightning Ridge,2.6,True
92,meadowbank13211kv,Meadowbank 132_11kV,2022,0,2.703283953180621,14223.309287512056,0.6006270417391958,0.8904512533944725,Merrywinebone,Walgett - Lightning Ridge,2.6,True
93,tomago3311kv,Tomago 33_11kV,2021,1,2.7732474608530886,12519.053631064164,0.515322102149903,0.7067863806303265,Merrywinebone,Walgett - Lightning Ridge,2.6,True
94,northsydney3311kv,North Sydney 33_11kV,2016,1,3.3586705125927665,15706.37142564752,0.5338316955756389,0.6668038693590438,Merrywinebone,Walgett - Lightning Ridge,2.6,True
95,meadowbank13211kv,Meadowbank 132_11kV,2016,0,2.5370825334961893,13346.10523115651,0.6005039151504401,0.7728099733206074,Merrywinebone,Walgett - Lightning Ridge,2.6,True
96,zetland13211kv,Zetland 132_11kV,2022,2,2.3827478103606006,13131.789047364047,0.6291319081782584,0.7618812378865062,Merrywinebone,Walgett - Lightning Ridge,2.6,True
97,nelsonbay3311kv,Nelson Bay 33_11kV,2021,3,2.552318091182587,11281.304032125036,0.5045688072503322,0.6166038145489536,Merrywinebone,Walgett - Lightning Ridge,2.6,True
98,rouchel3311kv,Rouchel 33_11kV,2021,3,2.4870257388000154,10376.157333238854,0.47626883300036066,0.5574229331301123,Merrywinebone,Walgett - Lightning Ridge,2.6,True
99,castlecove13211kv,Castle Cove 132_11kV,2016,2,2.2036327399325137,11010.823976282598,0.5703960344709988,0.5142664266576132,Merrywinebone,Walgett - Lightning Ridge,2.6,True
100,citynorth13211kv,City North 132_11kV,2015,1,2.6851662585609817,12555.927390696177,0.5337937790742832,0.6327858420952018,Merrywinebone,Walgett - Lightning Ridge,2.6,True
1,meadowbank13211kv,Meadowbank 132_11kV,2023,0,10.203557495678442,53709.3779391615,0.600889202603927,3.5791563110334756,Narrandera,Narrandera,10.3,False
2,brookvale3311kv,Brookvale 33_11kV,2020,1,9.203728734378492,44191.78838692051,0.548117490996861,1.9898693143304471,Narrandera,Narrandera,10.3,False
3,milperra13211kv,Milperra 132_11kV,2018,1,10.279573148979884,52958.46817803477,0.5881068354998197,2.799061434450212,Narrandera,Narrandera,10.3,False
4,darlingharbour13211kv,Darling Harbour 132_11kV,2016,2,9.344154429346093,50944.16566052666,0.6223724221541199,2.990997437865277,Narrandera,Narrandera,10.3,False
5,burwood13211kv,Burwood 132_11kV,2023,2,9.169829450093609,48726.68084141568,0.6065986852884487,2.67045966353412,Narrandera,Narrandera,10.3,False
6,gorehill3311kv,Gore Hill 33_11kV,2024,1,10.351277033160116,54406.547546671936,0.6000025966882151,3.0976651204032986,Narrandera,Narrandera,10.3,False
7,williamtown3311kv,Williamtown 33_11kV,2024,0,9.686521503621352,41607.912020859585,0.4903475044618573,1.8918078262111675,Narrandera,Narrandera,10.3,False
8,avondale3311kv,Avondale 33_11kV,2019,3,11.825300875748244,54849.52890306571,0.5294885781524881,2.860701486655392,Narrandera,Narrandera,10.3,False
9,camperdown335kv,Camperdown 33_5kV,2022,2,10.80227888496962,56581.73535589683,0.5979388496037176,3.1094676264680037,Narrandera,Narrandera,10.3,False
10,marrickville13211kv,Marrickville 132_11kV,2015,2,11.092660788964876,59492.43637230538,0.6122403041351,2.976282299209175,Narrandera,Narrandera,10.3,False
11,greensquare13211kv,Green Square 132_11kV,2017,1,8.691836223463655,43721.060981056915,0.574215685633202,2.4664610433401943,Narrandera,Narrandera,10.3,False
12,tomalpin3311kv,Tomalpin 33_11kV,2024,1,10.003710711453602,45557.26567189446,0.5198672026914163,0.9912825901166717,Narrandera,Narrandera,10.3,False
13,paxton3311kv,Paxton 33_11kV,2022,3,10.010248592450091,37910.33969418421,0.4323233642684126,0.9208145732818795,Narrandera,Narrandera,10.3,False
14,stives3311kv,St Ives 33_11kV,2020,3,9.142807722548325,41630.56548037536,0.519790834696948,2.283406577606272,Narrandera,Narrandera,10.3,False
15,flemington13211kv,Flemington 132_11kV,2020,0,11.384404993261331,64820.80992070006,0.649980024434861,3.949930267751877,Narrandera,Narrandera,10.3,False
16,pottshill13211kv,Potts Hill 132_11kV,2024,0,10.592745480562533,54505.84741672203,0.5873952802846553,3.7521251171443164,Narrandera,Narrandera,10.3,False
17,singleton6611kv,Singleton 66_11kV,2024,0,10.270398566289929,52739.82854563157,0.5862020187366344,3.181745123596776,Narrandera,Narrandera,10.3,False
18,greensquare13211kv,Green Square 132_11kV,2016,1,10.381212779751237,51152.450733977734,0.5624892759575097,2.8179785320928445,Narrandera,Narrandera,10.3,False
19,paxton3311kv,Paxton 33_11kV,2018,3,10.419972815576836,45249.03921741117,0.4957225443098798,2.310050725077808,Narrandera,Narrandera,10.3,False
20,telarah3311kv,Telarah 33_11kV,2022,3,10.055694355867516,40286.42085929487,0.4573435038927586,1.7219087508117428,Narrandera,Narrandera,10.3,False
21,drummoyne13211kv,Drummoyne 132_11kV,2017,2,9.856205358045633,45482.95764010362,0.5267867565105357,2.2411073280038925,Narrandera,Narrandera,10.3,False
22,mortdale3311kv,Mortdale 33_11kV,2025,3,10.275569319262944,42417.95881276086,0.47123741670501185,2.1137509174663105,Narrandera,Narrandera,10.3,False
23,citysouth13211kv,City South 132_11kV,2016,1,9.522520708776298,44514.56384242412,0.5336371923250572,2.1772743128789185,Narrandera,Narrandera,10.3,False
24,belrose3311kv,Belrose 33_11kV,2016,3,12.759669555831518,59950.47625004967,0.5363510114768104,3.067094555201823,Narrandera,Narrandera,10.3,False
25,northhead3311kv,North Head 33_11kV,2021,0,10.003718322565629,50410.64731827279,0.5752501139346138,2.6720242093707602,Narrandera,Narrandera,10.3,False
26,stives3311kv,St Ives 33_11kV,2017,3,9.799428746233309,46149.14154692839,0.5375993825437668,2.3383169683328404,Narrandera,Narrandera,10.3,False
27,miranda3311kv,Miranda 33_11kV,2020,2,12.15281887910644,58689.089101630925,0.5512850781627247,2.7913961347160257,Narrandera,Narrandera,10.3,False
28,nelsonbay3311kv,Nelson Bay 33_11kV,2015,3,9.441342793083134,47742.86936680635,0.5772589092707168,2.488399643201945,Narrandera,Narrandera,10.3,False
29,newport3311kv,Newport 33_11kV,2017,3,11.768318195210606,49920.46907462551,0.48423942910017453,2.5153899783579736,Narrandera,Narrandera,10.3,False
30,aberdeen6611kv,Aberdeen 66_11kV,2022,3,10.658940797237753,46522.26514339903,0.49824470950198785,1.8107868671728404,Narrandera,Narrandera,10.3,False
31,newcastlecbd3311kv,Newcastle CBD 33_11kV,2020,1,10.433113607554972,54031.75655231599,0.5911953967780426,2.6921779304299425,Narrandera,Narrandera,10.3,False
32,bankstown13211kv,Bankstown 132_11kV,2016,2,9.410326279787649,47491.523741699086,0.5761125234810669,2.211399573520324,Narrandera,Narrandera,10.3,False
33,campsie3311kv,Campsie 33_11kV,2025,2,10.441409407641597,47831.353327641635,0.5229370804636,3.0478578041248054,Narrandera,Narrandera,10.3,False
34,rathmines13211kv,Rathmines 132_11kV,2016,3,11.55663723291394,50194.640545314905,0.4958173975636332,2.524926642820432,Narrandera,Narrandera,10.3,False
35,clovelly13211kv,Clovelly 132_11kV,2015,2,11.054744796341236,54023.058971078266,0.5578614412084325,2.708567827922481,Narrandera,Narrandera,10.3,False
36,stpeters13211kv,St Peters 132_11kV,2025,2,10.817973854977568,59299.50269998195,0.6257502295747274,3.751265582972974,Narrandera,Narrandera,10.3,False
37,jewells3311kv,Jewells 33_11kV,2018,3,9.986350429895841,47660.1499590775,0.5448092800483962,2.404901780495711,Narrandera,Narrandera,10.3,False
38,macquariepark13211kv,Macquarie Park 132_11kV,2022,0,9.763105647819101,57609.19710713747,0.6735963535637376,3.9455809412196206,Narrandera,Narrandera,10.3,False
39,leightonfield3311kv,Leightonfield 33_11kV,2018,0,9.620289816450628,55911.47202333412,0.663450712223182,3.3930796429079635,Narrandera,Narrandera,10.3,False
40,cronulla13211kv,Cronulla 132_11kV,2025,3,9.940837747688304,40001.290606276714,0.4593533755449966,2.0373921058806057,Narrandera,Narrandera,10.3,False
41,kurri13211kv,Kurri 132_11kV,2022,3,8.9620165886862,37443.037639695794,0.4769372298036191,1.7484789585571348,Narrandera,Narrandera,10.3,False
42,homebushbay13211kv,Homebush Bay 132_11kV,2023,1,11.59234884002705,63211.278099122195,0.6224708578013232,3.917367997751298,Narrandera,Narrandera,10.3,False
43,metford3311kv,Metford 33_11kV,2023,3,11.024769688779699,44852.59841692641,0.46442327424276303,2.0389597526592915,Narrandera,Narrandera,10.3,False
44,dalleyst13211kv,Dalley St 132_11kV,2021,1,9.600407211493357,45405.92648673642,0.5399067797043989,2.569246502981148,Narrandera,Narrandera,10.3,False
45,moonan3311kv,Moonan 33_11kV,2021,0,9.123060206593525,48940.3012980645,0.6123814004412741,3.3212077418562447,Narrandera,Narrandera,10.3,False
46,rothbury13211kv,Rothbury 132_11kV,2019,0,10.57764394113916,53519.60098788742,0.577590201160619,3.2671323871422926,Narrandera,Narrandera,10.3,False
47,nelsonbay3311kv,Nelson Bay 33_11kV,2015,3,10.115394576671019,50183.530379403805,0.5663361394564494,2.591070838719007,Narrandera,Narrandera,10.3,False
48,homebushbay13211kv,Homebush Bay 132_11kV,2020,1,10.709520871359377,57028.90635865567,0.6078842560651432,3.523979792859468,Narrandera,Narrandera,10.3,False
49,macquariepark13211kv,Macquarie Park 132_11kV,2017,0,9.434131900594572,48681.10398734269,0.5890529950268031,2.932802651556432,Narrandera,Narrandera,10.3,False
50,beaconhill3311kv,Beacon Hill 33_11kV,2020,2,8.264221960377006,43509.36736792399,0.6010030687352026,2.3231096118524417,Narrandera,Narrandera,10.3,False
51,somersby13211kv,Somersby 132_11kV,2021,0,10.141105488777184,50848.983772249514,0.5723910987059263,2.7898512160114177,Narrandera,Narrandera,10.3,False
52,careelbay3311kv,Careel Bay 33_11kV,2016,2,11.075576875782682,49496.381792407716,0.5101559907425752,2.5754864583461026,Narrandera,Narrandera,10.3,False
53,pottshill13211kv,Potts Hill 132_11kV,2019,0,10.415388096518956,59494.078045789254,0.6520699332386933,3.7693818182097316,Narrandera,Narrandera,10.3,False
54,pennanthills13211kv,Pennant Hills 132_11kV,2019,3,9.954598697017282,50638.38965859581,0.5807002637497447,2.8592841452045157,Narrandera,Narrandera,10.3,False
55,crowsnest13211kv,Crows Nest 132_11kV,2020,2,9.243020409439266,46396.047036976284,0.5730110036403802,2.25851634400307,Narrandera,Narrandera,10.3,False
56,tomalpin3311kv,Tomalpin 33_11kV,2024,1,9.76249764352945,45270.56749151755,0.5293597181803201,1.005390194854891,Narrandera,Narrandera,10.3,False
57,kogarah13211kv,Kogarah 132_11kV,2025,2,10.639847258861236,54201.3002745048,0.5815274312215095,2.9844587646242213,Narrandera,Narrandera,10.3,False
58,mitchellline6611kv,Mitchell Line 66_11kV,2020,3,9.550182458175387,47996.371912537696,0.5737102839191092,2.768908490577093,Narrandera,Narrandera,10.3,False
59,raymondterrnew3311kv,Raymond Terr NEW 33_11kV,2018,0,11.745046391204399,64822.58331889728,0.6300390847289037,3.7227035265449455,Narrandera,Narrandera,10.3,False
60,macquariepark13211kv,Macquarie Park 132_11kV,2025,0,9.708095943165818,50961.10529159087,0.599239831071918,3.4104739075559136,Narrandera,Narrandera,10.3,False
61,cronulla13211kv,Cronulla 132_11kV,2025,3,10.345081003016798,42496.593921883505,0.4689387497689474,1.999771368404817,Narrandera,Narrandera,10.3,False
62,doublebay13211kv,Double Bay 132_11kV,2018,2,11.790261995645984,60667.60028932481,0.5873936601019314,2.9474575627408943,Narrandera,Narrandera,10.3,False
63,jesmond13211kv,Jesmond 132_11kV,2025,0,9.889394039231727,44641.98112116025,0.5153113068531744,2.3624089685791994,Narrandera,Narrandera,10.3,False
64,northhead3311kv,North Head 33_11kV,2020,0,10.924177149416897,55019.22738602331,0.5749388383179893,3.0438947487612387,Narrandera,Narrandera,10.3,False
65,lucasheights3311kv,Lucas Heights 33_11kV,2018,0,8.654986066303035,51403.37715284944,0.6779866984712506,4.098030035096045,Narrandera,Narrandera,10.3,False
66,greensquare13211kv,Green Square 132_11kV,2019,1,10.426695938826008,52328.88717641728,0.5729156477401296,3.214534847709953,Narrandera,Narrandera,10.3,False
67,dalleyst13211kv,Dalley St 132_11kV,2015,1,10.90492143797086,50420.360370530514,0.5278120464677549,2.3866918525545953,Narrandera,Narrandera,10.3,False
68,newcastlecbd3311kv,Newcastle CBD 33_11kV,2015,1,10.707864571030239,55596.23163425007,0.5927047118154872,2.58755282902383,Narrandera,Narrandera,10.3,False
69,brookvale3311kv,Brookvale 33_11kV,2017,1,10.710307681927471,53108.07860342722,0.5660496626861145,2.307007694550877,Narrandera,Narrandera,10.3,False
70,enfield3311kv,Enfield 33_11kV,2019,0,9.715125087198235,49644.160227575165,0.5833318179256377,3.0201683782084796,Narrandera,Narrandera,10.3,False
71,chatswood3311kv,Chatswood 33_11kV,2020,2,9.513087501671388,47317.37486782581,0.567799550928826,2.570127791879164,Narrandera,Narrandera,10.3,False
72,somersby13211kv,Somersby 132_11kV,2016,0,10.757459326503248,55683.06452159968,0.5908936322105243,3.153860737257814,Narrandera,Narrandera,10.3,False
73,blakehurst3311kv,Blakehurst 33_11kV,2022,3,11.405224476194102,51868.721642295335,0.5191556692133917,2.815845219384342,Narrandera,Narrandera,10.3,False
74,brookvale3311kv,Brookvale 33_11kV,2020,1,10.785790072086726,51411.85500612926,0.54413568043257,2.21909174069989,Narrandera,Narrandera,10.3,False
75,tomago3311kv,Tomago 33_11kV,2015,1,10.658593362991063,47365.94724871243,0.507296921797281,1.917770498781641,Narrandera,Narrandera,10.3,False
76,balgowlahnorth13211kv,Balgowlah North 132_11kV,2020,2,9.86635291371764,46734.36781381054,0.5407239677500055,2.4113765745605242,Narrandera,Narrandera,10.3,False
77,adamstown13211kv,Adamstown 132_11kV,2020,3,8.879135067459705,40786.61905635132,0.5243761589634977,2.308390859294083,Narrandera,Narrandera,10.3,False
78,menai13211kv,Menai 132_11kV,2020,3,12.98836498678484,53298.53406669604,0.4684429139503569,2.812474719117939,Narrandera,Narrandera,10.3,False
79,swansea3311kv,Swansea 33_11kV,2022,3,9.36513087632772,38676.83889946482,0.47144714966984635,1.2305692722562032,Narrandera,Narrandera,10.3,False
80,beaconhill3311kv,Beacon Hill 33_11kV,2024,2,10.330893962905417,52813.413174813766,0.5835824533928227,3.1859180810434284,Narrandera,Narrandera,10.3,False
81,greensquare13211kv,Green Square 132_11kV,2022,1,10.937148253408548,58635.76151754351,0.6120041464945228,3.555322366257279,Narrandera,Narrandera,10.3,False
82,lemington6611kv,Lemington 66_11kV,2022,0,10.299636773238007,50335.34672572323,0.5578880375376202,3.2081064280642995,Narrandera,Narrandera,10.3,False
83,singleton6611kv,Singleton 66_11kV,2025,0,9.71860471904347,50733.091517739405,0.5959136080559637,3.409082002020907,Narrandera,Narrandera,10.3,False
84,nulkaba3311kv,Nulkaba 33_11kV,2024,0,10.57357267305243,47822.86185098476,0.5163090067768871,2.501685618094683,Narrandera,Narrandera,10.3,False
85,epping6611kv,Epping 66_11kV,2016,2,11.161436905258306,61973.23137231178,0.633840414223626,3.147606826158183,Narrandera,Narrandera,10.3,False
86,pelican3311kv,Pelican 33_11kV,2017,0,10.860902742298519,56009.58225493692,0.58869765067914,2.9684747981465116,Narrandera,Narrandera,10.3,False
87,clovelly13211kv,Clovelly 132_11kV,2020,2,10.18324575873198,53667.99528847914,0.6016238462247291,3.0182638339155727,Narrandera,Narrandera,10.3,False
88,killarney3311kv,Killarney 33_11kV,2017,3,9.847462212355905,47524.06027954795,0.5509156490766743,2.549307162574466,Narrandera,Narrandera,10.3,False
89,berkeleyvale13211kv,Berkeley Vale 132_11kV,2017,0,11.469360826972238,63909.65837774412,0.6360967461521703,3.600700068833512,Narrandera,Narrandera,10.3,False
90,mayfieldwest13211kv,Mayfield West 132_11kV,2020,0,10.737950853612368,58204.21484812638,0.6187695263337439,3.2909859921747957,Narrandera,Narrandera,10.3,False
91,leightonfield3311kv,Leightonfield 33_11kV,2017,0,10.390365375092829,57668.968929996816,0.6335884633142037,3.5445654915478486,Narrandera,Narrandera,10.3,False
92,dalleyst13211kv,Dalley St 132_11kV,2015,1,10.609138254361248,48363.92670290588,0.5204000613991683,2.266227163633102,Narrandera,Narrandera,10.3,False
93,campsie3311kv,Campsie 33_11kV,2015,2,9.45467554640507,45969.88425145292,0.5550379445509402,2.351904017760324,Narrandera,Narrandera,10.3,False
94,argenton13211kv,Argenton 132_11kV,2020,2,9.941468299031415,48869.09773600145,0.5611509243214952,2.410060430984433,Narrandera,Narrandera,10.3,False
95,lisarow3311kv,Lisarow 33_11kV,2017,3,10.48896867649304,52331.88817709386,0.5695469232314622,2.8413965977846396,Narrandera,Narrandera,10.3,False
96,huntershill6611kv,Hunters Hill 66_11kV,2023,2,8.957936569086582,42156.76873810678,0.5372237775407288,2.464852064726325,Narrandera,Narrandera,10.3,False
97,somersby13211kv,Somersby 132_11kV,2020,0,10.14761394386996,54211.80643268586,0.6098539432413976,3.392673972251206,Narrandera,Narrandera,10.3,False
98,gorehill3311kv,Gore Hill 33_11kV,2022,1,11.496436955674044,61511.02170992866,0.6107810757666788,3.772880442284024,Narrandera,Narrandera,10.3,False
99,broadmeadow13211kv,Broadmeadow 132_11kV,2024,2,10.974896878398512,54453.76217338565,0.5664001188694808,3.0436581930753466,Narrandera,Narrandera,10.3,False
100,sanssouci3311kv,Sans Souci 33_11kV,2020,3,8.65265486454188,39224.87680304427,0.5174973152803608,1.956747157284849,Narrandera,Narrandera,10.3,False
1,rutherford3311kv,Rutherford 33_11kV,2023,0,12.059785376192899,53829.171051633486,0.5095349832901139,2.3201462863873514,Suffolk Park,Byron Bay,13.1,True
2,baerami3311kv,Baerami 33_11kV,2022,0,13.200649269103957,60988.00008125809,0.5274059119343317,3.6177943833860247,Suffolk Park,Byron Bay,13.1,True
3,blakehurst3311kv,Blakehurst 33_11kV,2016,3,17.681738818485343,84729.88058551459,0.5470254309672994,3.9067402880388986,Suffolk Park,Byron Bay,13.1,True
4,wamberal13211kv,Wamberal 132_11kV,2021,3,14.118609695515346,62783.57228432862,0.5076331605057337,3.30644584331436,Suffolk Park,Byron Bay,13.1,True
5,greenacrepark13211kv,Greenacre Park 132_11kV,2021,2,9.974707611034813,53537.64195465714,0.612709986215462,2.970350516096143,Suffolk Park,Byron Bay,13.1,True
6,lidcombe3311kv,Lidcombe 33_11kV,2015,2,15.552988894175074,85395.26621141068,0.6267810082674381,4.559474105679878,Suffolk Park,Byron Bay,13.1,True
7,zetland13211kv,Zetland 132_11kV,2016,2,13.437971812440958,68539.34036624787,0.5822400673099901,3.406355426019179,Suffolk Park,Byron Bay,13.1,True
8,beaconhill3311kv,Beacon Hill 33_11kV,2021,2,13.723290522818957,69597.5079747273,0.5789370259611176,3.791303973289831,Suffolk Park,Byron Bay,13.1,True
9,epping6611kv,Epping 66_11kV,2024,2,10.270389525595316,52827.57890119123,0.5871778788561682,3.1445278043048233,Suffolk Park,Byron Bay,13.1,True
10,careelbay3311kv,Careel Bay 33_11kV,2015,2,14.493062940973903,65573.03009852016,0.5164888712272535,3.664503119698116,Suffolk Park,Byron Bay,13.1,True
11,aberdeen6611kv,Aberdeen 66_11kV,2019,3,13.420433517971206,61981.87411933511,0.5272226412687762,3.7978538543553424,Suffolk Park,Byron Bay,13.1,True
12,mitchellsflat6611kv,Mitchells Flat 66_11kV,2022,3,12.742307836437474,50563.85738000457,0.452989357343438,1.9345741248360713,Suffolk Park,Byron Bay,13.1,True
13,kingsford13211kv,Kingsford 132_11kV,2022,2,13.881821818765134,70938.62149217821,0.583353990405526,4.122954997983332,Suffolk Park,Byron Bay,13.1,True
14,rothbury13211kv,Rothbury 132_11kV,2019,0,10.3590830483361,51944.36753165689,0.5724176834278634,3.1459587201748804,Suffolk Park,Byron Bay,13.1,True
15,gwawleybay13211kv,Gwawley Bay 132_11kV,2015,2,17.217118206281516,86323.81891095104,0.5723557862129479,4.14683906784022,Suffolk Park,Byron Bay,13.1,True
16,muswellbrook3311kv,Muswellbrook 33_11kV,2019,2,11.414568298532293,52687.97036468198,0.5269238688503285,2.974309762116751,Suffolk Park,Byron Bay,13.1,True
17,gorehill3311kv,Gore Hill 33_11kV,2025,1,12.423178606216224,66785.66181892029,0.6136862585054382,4.027485546780987,Suffolk Park,Byron Bay,13.1,True
18,homebushbay13211kv,Homebush Bay 132_11kV,2016,1,12.257341473578375,61900.43133448063,0.5764919986923689,3.487151306911134,Suffolk Park,Byron Bay,13.1,True
19,menai13211kv,Menai 132_11kV,2025,3,12.418012210616977,51854.04647805229,0.476679487667672,1.930084870637679,Suffolk Park,Byron Bay,13.1,True
20,newport3311kv,Newport 33_11kV,2024,3,11.103780166669463,48754.61760834019,0.5012343124458498,2.4883579459094074,Suffolk Park,Byron Bay,13.1,True
21,castlecove13211kv,Castle Cove 132_11kV,2019,2,14.49957141436782,70740.25173444641,0.5569386136862213,3.4485856357963844,Suffolk Park,Byron Bay,13.1,True
22,kingsford13211kv,Kingsford 132_11kV,2018,2,12.895003359798741,63995.09921909137,0.5665277021919259,3.6064584607811536,Suffolk Park,Byron Bay,13.1,True
23,pelican3311kv,Pelican 33_11kV,2015,0,15.944184208723255,79182.723719271,0.566922935279444,4.1727948612313694,Suffolk Park,Byron Bay,13.1,True
24,castlecove13211kv,Castle Cove 132_11kV,2022,2,10.382220561192893,53660.24179445006,0.590008499844282,2.76262327317438,Suffolk Park,Byron Bay,13.1,True
25,brookvale3311kv,Brookvale 33_11kV,2015,1,11.893240901097187,54895.130999744186,0.5269015836672503,2.231858782760349,Suffolk Park,Byron Bay,13.1,True
26,rnshospital13211kv,RNS Hospital 132_11kV,2025,1,12.523747072295105,70068.81808811326,0.6386845310645896,4.3566405383696445,Suffolk Park,Byron Bay,13.1,True
27,aberdeen6611kv,Aberdeen 66_11kV,2022,3,11.908744584950032,51123.72393512809,0.49006354141488484,2.0374504296141964,Suffolk Park,Byron Bay,13.1,True
28,marrickville13211kv,Marrickville 132_11kV,2018,2,10.202318795238421,52519.01442683603,0.5876430056665545,2.5749818875750052,Suffolk Park,Byron Bay,13.1,True
29,blakehurst3311kv,Blakehurst 33_11kV,2023,3,9.776058116311596,43825.17467517072,0.5117475532412293,2.5862502160963503,Suffolk Park,Byron Bay,13.1,True
30,singleton6611kv,Singleton 66_11kV,2018,0,16.968345439862986,89002.50844829746,0.5987680849704333,4.996735053710605,Suffolk Park,Byron Bay,13.1,True
31,camperdown3311kv,Camperdown 33_11kV,2017,2,11.934275906373545,62507.64701436986,0.5979060815396539,3.5584731647709074,Suffolk Park,Byron Bay,13.1,True
32,burwood13211kv,Burwood 132_11kV,2018,2,12.075449167278322,64060.89293041664,0.60559961120453,3.5067317642687548,Suffolk Park,Byron Bay,13.1,True
33,kingsford13211kv,Kingsford 132_11kV,2019,2,15.191087266095678,76529.73209721452,0.5750918702739175,4.223843538220368,Suffolk Park,Byron Bay,13.1,True
34,paxton3311kv,Paxton 33_11kV,2023,3,15.0296732933769,58307.24392601668,0.4428624590715034,1.6698823754773209,Suffolk Park,Byron Bay,13.1,True
35,campbellst13211kv,Campbell St 132_11kV,2025,1,11.974513590922657,63808.63994755744,0.6082995574647861,3.3199853478781556,Suffolk Park,Byron Bay,13.1,True
36,doublebay13211kv,Double Bay 132_11kV,2019,2,15.128363413846845,81679.31501183522,0.6163338666039546,4.227923444441985,Suffolk Park,Byron Bay,13.1,True
37,singletonnorth6611kv,Singleton North 66_11kV,2016,3,15.24623546729627,61540.6033163322,0.46078148550491926,3.2878373169625106,Suffolk Park,Byron Bay,13.1,True
38,citynorth13211kv,City North 132_11kV,2025,1,11.577942472498817,53092.16055510625,0.5234737464115001,2.5099979563865924,Suffolk Park,Byron Bay,13.1,True
39,rutherford3311kv,Rutherford 33_11kV,2020,0,13.488433945941956,68733.07769431792,0.5817014619615848,3.921003304339141,Suffolk Park,Byron Bay,13.1,True
40,newcastlecbd3311kv,Newcastle CBD 33_11kV,2018,1,11.803807487565404,58061.738045340564,0.5615181622762941,2.7717118635970834,Suffolk Park,Byron Bay,13.1,True
41,pennanthills13211kv,Pennant Hills 132_11kV,2019,3,11.780910386604614,60850.41444727508,0.5896313710351776,3.484951158670385,Suffolk Park,Byron Bay,13.1,True
42,lakemunmorah13211kv,Lake Munmorah 132_11kV,2016,3,11.843029057093288,56045.30480922576,0.5402220846507234,3.4240119023920714,Suffolk Park,Byron Bay,13.1,True
43,thornton3311kv,Thornton 33_11kV,2018,3,11.86750554250244,55595.168223500674,0.5347779588626448,3.298490384696835,Suffolk Park,Byron Bay,13.1,True
44,burwood13211kv,Burwood 132_11kV,2017,2,11.524687195817593,61368.99045452906,0.6078770207474866,3.258115684098756,Suffolk Park,Byron Bay,13.1,True
45,engadine13211kv,Engadine 132_11kV,2021,3,12.788031121992598,56919.84874509346,0.5081078992105919,3.2234421769845256,Suffolk Park,Byron Bay,13.1,True
46,kurri13211kv,Kurri 132_11kV,2021,3,11.323228716822605,49994.37078065795,0.504018782527195,2.7035101999094966,Suffolk Park,Byron Bay,13.1,True
47,milperra13211kv,Milperra 132_11kV,2019,1,10.911526279436934,56842.44088173514,0.5946796944971634,2.828646109707161,Suffolk Park,Byron Bay,13.1,True
48,careelbay3311kv,Careel Bay 33_11kV,2016,2,14.742544426952524,65551.63690098765,0.5075829081099098,3.633913419641087,Suffolk Park,Byron Bay,13.1,True
49,woywoy6611kv,Woy Woy 66_11kV,2020,3,18.564112289383036,86569.01514485781,0.532333973792535,5.248095289400384,Suffolk Park,Byron Bay,13.1,True
50,baerami3311kv,Baerami 33_11kV,2021,0,10.523856970065685,51025.6142587814,0.5534892603473703,3.3679182982099536,Suffolk Park,Byron Bay,13.1,True
51,lisarow3311kv,Lisarow 33_11kV,2024,3,15.039241158557822,66843.10694978597,0.5073721194099259,2.580797604554729,Suffolk Park,Byron Bay,13.1,True
52,berkeleyvale13211kv,Berkeley Vale 132_11kV,2016,0,15.57602096857173,84661.50049844809,0.6204764920977904,5.014346911682626,Suffolk Park,Byron Bay,13.1,True
53,singletonnorth6611kv,Singleton North 66_11kV,2025,3,13.141679110652666,50306.00061665406,0.4369832869885099,1.9800185369030534,Suffolk Park,Byron Bay,13.1,True
54,broadmeadow13211kv,Broadmeadow 132_11kV,2015,2,14.668046236017503,70893.63771902815,0.5517354450575541,3.264486449933097,Suffolk Park,Byron Bay,13.1,True
55,deewhywest3311kv,Dee Why West 33_11kV,2020,2,13.358259493812076,59700.69132399105,0.5101822894345983,3.338146086633304,Suffolk Park,Byron Bay,13.1,True
56,milperra13211kv,Milperra 132_11kV,2024,1,16.791932265767723,89925.61304885885,0.6113341084979191,5.07410248776597,Suffolk Park,Byron Bay,13.1,True
57,somersby13211kv,Somersby 132_11kV,2016,0,9.874781203448265,49964.03849630439,0.5775983533285896,2.868783907068219,Suffolk Park,Byron Bay,13.1,True
58,darlinghurst3311kv,Darlinghurst 33_11kV,2015,1,11.180605240731825,58264.100029932626,0.5948830880123397,3.0092519034988188,Suffolk Park,Byron Bay,13.1,True
59,edgeworth3311kv,Edgeworth 33_11kV,2017,3,12.965561194201895,56210.987672644485,0.4949095005278276,3.018050511600796,Suffolk Park,Byron Bay,13.1,True
60,monavale3311kv,Mona Vale 33_11kV,2023,2,12.870844483896164,61277.38207595383,0.5434868666876987,3.483809296345675,Suffolk Park,Byron Bay,13.1,True
61,baerami3311kv,Baerami 33_11kV,2025,0,15.368784677324264,66499.87909089585,0.4939434417156369,3.2584455071435245,Suffolk Park,Byron Bay,13.1,True
62,darlingharbour13211kv,Darling Harbour 132_11kV,2016,2,12.794795794180592,70511.61767814061,0.6291051106971395,4.133318890744908,Suffolk Park,Byron Bay,13.1,True
63,hornsby13211kv,Hornsby 132_11kV,2020,2,13.975906261342287,73376.08389232404,0.5993361094357681,4.0234999512281675,Suffolk Park,Byron Bay,13.1,True
64,rathmines13211kv,Rathmines 132_11kV,2021,3,10.437333929572617,41068.236764859765,0.4491716863202129,1.1766318866903966,Suffolk Park,Byron Bay,13.1,True
65,lakemunmorah13211kv,Lake Munmorah 132_11kV,2022,3,13.691790026070853,58716.520284356724,0.4895487811641757,1.9528373464545665,Suffolk Park,Byron Bay,13.1,True
66,baerami3311kv,Baerami 33_11kV,2022,0,12.69568801090411,56985.197178289236,0.5123912536013272,3.481741759789209,Suffolk Park,Byron Bay,13.1,True
67,milperra13211kv,Milperra 132_11kV,2023,1,12.961392191931546,66427.55675262082,0.5850493767587409,3.7260783343485464,Suffolk Park,Byron Bay,13.1,True
68,rnshospital13211kv,RNS Hospital 132_11kV,2023,1,12.701592916545962,68890.60920327489,0.6191526406620951,4.298998319753129,Suffolk Park,Byron Bay,13.1,True
69,milperra13211kv,Milperra 132_11kV,2024,1,14.502281604074614,72588.74795980046,0.5713850399287312,4.421483028156384,Suffolk Park,Byron Bay,13.1,True
70,metford3311kv,Metford 33_11kV,2020,3,13.432388503129884,61044.65805487958,0.5187884693389584,3.4164587660362877,Suffolk Park,Byron Bay,13.1,True
71,adamstown13211kv,Adamstown 132_11kV,2022,3,14.888185518057323,64874.19436107251,0.49742327168827855,3.807431193102391,Suffolk Park,Byron Bay,13.1,True
72,fivedock3311kv,Five Dock 33_11kV,2018,2,15.232221254169737,79045.97737340086,0.5923964238846594,4.300588609641125,Suffolk Park,Byron Bay,13.1,True
73,hurstvillenorth13211kv,Hurstville North 132_11kV,2020,2,17.585547502087696,95013.84547729045,0.6167751894615232,5.255851133868918,Suffolk Park,Byron Bay,13.1,True
74,mitchellline6611kv,Mitchell Line 66_11kV,2018,3,9.638789159072637,47809.99300037361,0.5662289804208787,2.402363621285726,Suffolk Park,Byron Bay,13.1,True
75,galston13211kv,Galston 132_11kV,2021,3,15.91958741733761,74264.84675660617,0.5325340418845542,4.339050723306192,Suffolk Park,Byron Bay,13.1,True
76,northsydney3311kv,North Sydney 33_11kV,2016,1,12.498113254293754,57164.9683160002,0.5221333157922844,2.516059798426826,Suffolk Park,Byron Bay,13.1,True
77,enfield3311kv,Enfield 33_11kV,2017,0,14.186733439456273,75986.71370087212,0.6114362000923561,4.348957796668522,Suffolk Park,Byron Bay,13.1,True
78,brookvale3311kv,Brookvale 33_11kV,2020,1,13.247891098900045,62747.98453090436,0.5406907317758957,2.765198061191443,Suffolk Park,Byron Bay,13.1,True
79,caringbah3311kv,Caringbah 33_11kV,2015,2,10.713090012644402,58556.561824641176,0.6239599418270694,3.425801366547615,Suffolk Park,Byron Bay,13.1,True
80,hurstvillenorth13211kv,Hurstville North 132_11kV,2019,2,13.883703394549665,75624.210037997,0.6218010025090344,3.981838386433636,Suffolk Park,Byron Bay,13.1,True
81,leichhardt13211kv,Leichhardt 132_11kV,2020,2,14.987554903436326,72823.19981534478,0.5546702392360289,3.620798547545091,Suffolk Park,Byron Bay,13.1,True
82,jannali3311kv,Jannali 33_11kV,2021,3,14.39337207961587,61508.66756294123,0.48783129861374436,3.1156718093443034,Suffolk Park,Byron Bay,13.1,True
83,broadmeadow3311kv,Broadmeadow 33_11kV,2018,0,16.38434846390286,105345.03369886133,0.7339741830383549,8.765183880655307,Suffolk Park,Byron Bay,13.1,True
84,stives3311kv,St Ives 33_11kV,2021,3,11.340629035544664,51866.01327889638,0.5220854815906737,2.858624983342307,Suffolk Park,Byron Bay,13.1,True
85,kingsford13211kv,Kingsford 132_11kV,2015,2,15.00007957749868,72726.14142725716,0.5534684597032657,4.037290269106125,Suffolk Park,Byron Bay,13.1,True
86,nulkaba3311kv,Nulkaba 33_11kV,2022,0,13.120051240360997,63947.754675808465,0.556398131472118,4.015754201566044,Suffolk Park,Byron Bay,13.1,True
87,singletonnorth6611kv,Singleton North 66_11kV,2016,3,14.187089916684457,60092.90502553944,0.4835326134747648,3.1213800089608785,Suffolk Park,Byron Bay,13.1,True
88,crowsnest13211kv,Crows Nest 132_11kV,2021,2,10.058930147452921,50963.74934836014,0.5783696198994223,2.4274396931586293,Suffolk Park,Byron Bay,13.1,True
89,jewells3311kv,Jewells 33_11kV,2019,3,11.998311822921858,55137.689270558105,0.5245951979694967,2.9139176291774085,Suffolk Park,Byron Bay,13.1,True
90,newdell6611kv,Newdell 66_11kV,2021,0,10.061529305613183,59978.30268849888,0.6804967712641746,4.3756657337936185,Suffolk Park,Byron Bay,13.1,True
91,charlestown13211kv,Charlestown 132_11kV,2016,2,13.768501564894775,66854.92968331033,0.5542971580515232,3.310502069379672,Suffolk Park,Byron Bay,13.1,True
92,cardiff3311kv,Cardiff 33_11kV,2023,3,12.846777230117292,52528.37351367713,0.46676217413138255,2.5034803082157673,Suffolk Park,Byron Bay,13.1,True
93,wamberal13211kv,Wamberal 132_11kV,2016,3,15.054749615244512,74044.7485220094,0.561457153341424,4.0825132792457355,Suffolk Park,Byron Bay,13.1,True
94,deewhywest3311kv,Dee Why West 33_11kV,2021,2,19.211397861921075,86855.25567340992,0.5160990155752466,4.850423075721738,Suffolk Park,Byron Bay,13.1,True
95,epping6611kv,Epping 66_11kV,2020,2,18.05436169791459,93193.65005578447,0.5892506589222074,4.898596233918089,Suffolk Park,Byron Bay,13.1,True
96,tomago3311kv,Tomago 33_11kV,2021,1,12.873421730133543,54671.82072113246,0.48480315145568287,3.1991418539738583,Suffolk Park,Byron Bay,13.1,True
97,tomalpin3311kv,Tomalpin 33_11kV,2025,1,13.08793640854253,58934.900354858,0.5140404217291261,1.412427270865988,Suffolk Park,Byron Bay,13.1,True
98,cronulla13211kv,Cronulla 132_11kV,2021,3,14.981095720619992,60902.25081536961,0.4640723126376645,3.2781519710856917,Suffolk Park,Byron Bay,13.1,True
99,galston13211kv,Galston 132_11kV,2017,3,12.400635039725545,62358.81943262909,0.5740501732708078,3.298461404586559,Suffolk Park,Byron Bay,13.1,True
100,jesmond13211kv,Jesmond 132_11kV,2019,0,16.58497816584344,83257.10946983483,0.5730629335661461,4.66042275445543,Suffolk Park,Byron Bay,13.1,True
1,miranda3311kv,Miranda 33_11kV,2020,2,2.209287403477036,10721.244968266128,0.5539733807273516,0.5264902719385228,West Jemalong,Forbes,2.1,False
2,galston13211kv,Galston 132_11kV,2024,3,1.9175917062887728,8701.010623942468,0.5179757764408538,0.3160289974867414,West Jemalong,Forbes,2.1,False
3,peatsridge3311kv,Peats Ridge 33_11kV,2021,0,2.383030761850115,12143.278262460004,0.5817041902793808,0.7291644348415011,West Jemalong,Forbes,2.1,False
4,dalleyst13211kv,Dalley St 132_11kV,2018,1,2.0787637071426346,9417.51597220206,0.5171626275956255,0.4333404091320035,West Jemalong,Forbes,2.1,False
5,leightonfield3311kv,Leightonfield 33_11kV,2018,0,2.2671433395362244,13149.435878256769,0.6621006836555859,0.8140443703999113,West Jemalong,Forbes,2.1,False
6,cardiff3311kv,Cardiff 33_11kV,2020,3,2.102411774324209,10105.839400987099,0.5487196413683988,0.5274077300544022,West Jemalong,Forbes,2.1,False
7,kogarah13211kv,Kogarah 132_11kV,2022,2,2.1462946758026082,10900.555804931797,0.5797692644553432,0.5975695326587193,West Jemalong,Forbes,2.1,False
8,pelican3311kv,Pelican 33_11kV,2024,0,2.139351889363627,9111.784368912853,0.48620240464055925,0.42971465057684166,West Jemalong,Forbes,2.1,False
9,homebushbay13211kv,Homebush Bay 132_11kV,2016,1,2.352986558998757,12252.095930576479,0.5944109976388906,0.638702357126648,West Jemalong,Forbes,2.1,False
10,huntershill6611kv,Hunters Hill 66_11kV,2015,2,2.0933788678004683,10192.577614656915,0.5558173321026518,0.4842912791324787,West Jemalong,Forbes,2.1,False
11,maitland3311kv,Maitland 33_11kV,2016,2,2.132613694093028,10059.361843106855,0.5384608476932727,0.5415764733274308,West Jemalong,Forbes,2.1,False
12,basshill3311kv,Bass Hill 33_11kV,2024,0,2.1903620201872167,10980.120630546488,0.5722517175665058,0.636807748321359,West Jemalong,Forbes,2.1,False
13,metford3311kv,Metford 33_11kV,2018,3,1.9515313830448382,8961.7299370451,0.5242183346444539,0.4687231475352219,West Jemalong,Forbes,2.1,False
14,wyong13211kv,Wyong 132_11kV,2017,2,2.2974472771207926,10822.208484091381,0.5377324388292102,0.5552407382708753,West Jemalong,Forbes,2.1,False
15,baerami3311kv,Baerami 33_11kV,2017,0,2.2384684846901215,10772.749762294556,0.5493782749280367,0.6773897508349132,West Jemalong,Forbes,2.1,False
16,rouchel3311kv,Rouchel 33_11kV,2016,3,2.189331351380586,9578.464959302959,0.49943653905575996,0.584469038715013,West Jemalong,Forbes,2.1,False
17,northsydney3311kv,North Sydney 33_11kV,2015,1,2.0153897373350604,9479.011166583421,0.5369080134970512,0.42167038238072035,West Jemalong,Forbes,2.1,False
18,campsie3311kv,Campsie 33_11kV,2017,2,2.0474032862979885,10214.776179866933,0.5695362257017217,0.50637843966176,West Jemalong,Forbes,2.1,False
19,turramurra3311kv,Turramurra 33_11kV,2022,2,2.129006103752151,10176.732801319162,0.5456665843689414,0.5960081816797543,West Jemalong,Forbes,2.1,False
20,northsydney13211kv,North Sydney 132_11kV,2021,1,2.271797333170428,11252.25425326265,0.5654130724756151,0.5925743355897246,West Jemalong,Forbes,2.1,False
21,valespoint3311kv,Vales Point 33_11kV,2022,0,1.7783121439457574,9973.926538013831,0.6402566010082275,0.6478947961049915,West Jemalong,Forbes,2.1,False
22,darlinghurst3311kv,Darlinghurst 33_11kV,2022,1,1.9349536443949515,10156.12661329014,0.5991746559530995,0.5690766534842456,West Jemalong,Forbes,2.1,False
23,beaconhill3311kv,Beacon Hill 33_11kV,2016,2,1.948401163435001,9649.808337219354,0.5653744797919649,0.48663624359235075,West Jemalong,Forbes,2.1,False
24,paxton3311kv,Paxton 33_11kV,2023,3,1.9819785333272009,7569.039159752028,0.4359510214932761,0.2192262947845581,West Jemalong,Forbes,2.1,False
25,enfield3311kv,Enfield 33_11kV,2019,0,1.9142126063547396,9436.337883340137,0.5627418382645488,0.5692680288648355,West Jemalong,Forbes,2.1,False
26,berowra13211kv,Berowra 132_11kV,2022,3,2.063705125901057,8912.355446655542,0.49299299667704805,0.5008911820558879,West Jemalong,Forbes,2.1,False
27,peatsridge3311kv,Peats Ridge 33_11kV,2020,0,2.4602513485105435,12478.07998515453,0.5789808245942277,0.7486427796373559,West Jemalong,Forbes,2.1,False
28,botany3311kv,Botany 33_11kV,2017,0,2.4370184156874632,13780.49133973364,0.6455082323608621,0.7976205166553132,West Jemalong,Forbes,2.1,False
29,epping6611kv,Epping 66_11kV,2016,2,2.1940027321746722,11481.502685396403,0.5973893301558061,0.5783067583562805,West Jemalong,Forbes,2.1,False
30,darlinghurst3311kv,Darlinghurst 33_11kV,2023,1,2.2892514072032144,12553.099436808012,0.6259697883354818,0.6728146928037553,West Jemalong,Forbes,2.1,False
31,lindfield3311kv,Lindfield 33_11kV,2017,2,2.0124853540637138,9671.747372245267,0.5486155454631719,0.49921946601626943,West Jemalong,Forbes,2.1,False
32,jewells3311kv,Jewells 33_11kV,2018,3,2.3084314133587216,10944.537455994918,0.541223107035877,0.5756545714669754,West Jemalong,Forbes,2.1,False
33,raymondterrnew3311kv,Raymond Terr NEW 33_11kV,2015,0,1.9243119587236257,10781.476903070296,0.639585592121554,0.6131891777269356,West Jemalong,Forbes,2.1,False
34,belrose3311kv,Belrose 33_11kV,2022,3,1.9144633056631608,8621.984115386927,0.5141100166918757,0.5069379084148338,West Jemalong,Forbes,2.1,False
35,crowsnest3311kv,Crows Nest 33_11kV,2015,1,2.065392051983397,9846.306931156858,0.5442103059628003,0.3823764987770645,West Jemalong,Forbes,2.1,False
36,darlinghurst3311kv,Darlinghurst 33_11kV,2023,1,1.9257308966266977,10474.799307030791,0.6209348085166317,0.559093597601267,West Jemalong,Forbes,2.1,False
37,mitchellline6611kv,Mitchell Line 66_11kV,2018,3,2.117593012654021,10056.574099547108,0.5421300198372907,0.5569434803153354,West Jemalong,Forbes,2.1,False
38,baerami3311kv,Baerami 33_11kV,2023,0,2.263097902208689,10499.232497616204,0.5296025953579825,0.5735448995051977,West Jemalong,Forbes,2.1,False
39,leightonfield3311kv,Leightonfield 33_11kV,2023,0,2.0711841695948285,11571.314734097174,0.6377638255931695,0.7055003301125123,West Jemalong,Forbes,2.1,False
40,empirebay6611kv,Empire Bay 66_11kV,2022,3,2.161104013702735,9139.635446049775,0.48277980748295485,0.3006486108963179,West Jemalong,Forbes,2.1,False
41,mayfieldwest13211kv,Mayfield West 132_11kV,2021,0,2.0203332645337237,10871.63931436208,0.6142821771227949,0.6619001649241526,West Jemalong,Forbes,2.1,False
42,williamtown3311kv,Williamtown 33_11kV,2020,0,2.0988056983160726,10915.446740253297,0.5936974370498419,0.6296392064454549,West Jemalong,Forbes,2.1,False
43,riverwood3311kv,Riverwood 33_11kV,2025,3,2.1069835437765962,8879.023973291645,0.48106081063461975,0.4815226743795717,West Jemalong,Forbes,2.1,False
44,crowsnest3311kv,Crows Nest 33_11kV,2017,1,2.255412338450753,10316.602063691998,0.5221636325343415,0.4133532757186149,West Jemalong,Forbes,2.1,False
45,greenacre13211kv,Greenacre 132_11kV,2025,0,2.0216593284648328,10894.784025349873,0.6151861438945813,0.6539734036235627,West Jemalong,Forbes,2.1,False
46,cronulla13211kv,Cronulla 132_11kV,2021,3,2.1066159749366298,9005.444518080232,0.4879953407899561,0.4804183936575972,West Jemalong,Forbes,2.1,False
47,sanssouci3311kv,Sans Souci 33_11kV,2015,3,2.1353158353114985,9692.3022169381,0.5181562256119315,0.4762330637673377,West Jemalong,Forbes,2.1,False
48,broadmeadow13211kv,Broadmeadow 132_11kV,2015,2,2.0325151293932278,9509.749864770996,0.5341106043478071,0.4317593767069857,West Jemalong,Forbes,2.1,False
49,harbord3311kv,Harbord 33_11kV,2018,3,2.098742720131977,8845.963241179197,0.481151474975576,0.46418130275396197,West Jemalong,Forbes,2.1,False
50,riverwood3311kv,Riverwood 33_11kV,2015,3,2.038131180287043,9953.476824273343,0.5574919110194476,0.48025015838648694,West Jemalong,Forbes,2.1,False
51,menai13211kv,Menai 132_11kV,2022,3,2.19174537735042,8925.95244468643,0.46490087467757146,0.37499222804340965,West Jemalong,Forbes,2.1,False
52,lemington6611kv,Lemington 66_11kV,2015,0,2.0695880769429063,11419.48908155087,0.6298812109210942,0.6932611218444382,West Jemalong,Forbes,2.1,False
53,narrabeen3311kv,Narrabeen 33_11kV,2022,2,2.108176766918334,9265.768407663174,0.5017302800193638,0.5138184535280818,West Jemalong,Forbes,2.1,False
54,enfield3311kv,Enfield 33_11kV,2016,0,2.051089228192562,10880.642616131368,0.6055721386243589,0.6570494943798884,West Jemalong,Forbes,2.1,False
55,rnshospital13211kv,RNS Hospital 132_11kV,2022,1,2.2201158091185085,11829.989281831364,0.6082815103260442,0.723484633155868,West Jemalong,Forbes,2.1,False
56,brookvale3311kv,Brookvale 33_11kV,2020,1,1.8013733222576984,8601.511699076636,0.5450884145294492,0.40433075910393745,West Jemalong,Forbes,2.1,False
57,citynorth13211kv,City North 132_11kV,2025,1,2.1524573139698306,9734.751757264035,0.516281100878882,0.4617636312888677,West Jemalong,Forbes,2.1,False
58,lucasheights3311kv,Lucas Heights 33_11kV,2022,0,1.9596150490398148,11879.272329105233,0.6920141365378701,0.9523306296932206,West Jemalong,Forbes,2.1,False
59,cronulla13211kv,Cronulla 132_11kV,2017,3,1.8757051675269398,8598.004827287543,0.5232738158254252,0.4445710172940364,West Jemalong,Forbes,2.1,False
60,darlinghurst3311kv,Darlinghurst 33_11kV,2023,1,1.9737026625395173,10803.828959286704,0.6248731541714979,0.5767376163495257,West Jemalong,Forbes,2.1,False
61,narrabeen3311kv,Narrabeen 33_11kV,2023,2,1.818589852279965,8154.5074303346655,0.5118690409926494,0.4690200508765413,West Jemalong,Forbes,2.1,False
62,meadowbank13211kv,Meadowbank 132_11kV,2017,0,1.9933234827721786,10691.36655907408,0.6122817721989325,0.6139532937495243,West Jemalong,Forbes,2.1,False
63,citynorth13211kv,City North 132_11kV,2021,1,2.1993841549555015,10927.932796955614,0.5671955533933161,0.5832601819663563,West Jemalong,Forbes,2.1,False
64,peatsridge3311kv,Peats Ridge 33_11kV,2015,0,1.9151411897007509,10207.87034594785,0.6084574908778206,0.5447699946086754,West Jemalong,Forbes,2.1,False
65,tomalpin3311kv,Tomalpin 33_11kV,2020,1,1.9961319226850431,9291.080234282004,0.5313404316955689,0.2739068207963629,West Jemalong,Forbes,2.1,False
66,mascot3311kv,Mascot 33_11kV,2018,2,2.189141662266591,11470.341400108737,0.5981338374662492,0.621770556243993,West Jemalong,Forbes,2.1,False
67,morisset13211kv,Morisset 132_11kV,2021,3,2.1348068411570864,9635.05793257081,0.5152187246410902,0.45200858576608854,West Jemalong,Forbes,2.1,False
68,williamtown3311kv,Williamtown 33_11kV,2024,0,2.2548647788422795,10270.653454993952,0.51996422825171,0.4705534386360892,West Jemalong,Forbes,2.1,False
69,meadowbank13211kv,Meadowbank 132_11kV,2025,0,2.119374823600976,11334.450163726315,0.6105040932746281,0.7270708129021013,West Jemalong,Forbes,2.1,False
70,citysouth13211kv,City South 132_11kV,2016,1,1.95241359757531,8849.67842409627,0.5174299463388778,0.4069057188351826,West Jemalong,Forbes,2.1,False
71,northsydney13211kv,North Sydney 132_11kV,2025,1,2.2202339729698632,10815.390445038327,0.5560826595207028,0.5423548929990443,West Jemalong,Forbes,2.1,False
72,galston13211kv,Galston 132_11kV,2017,3,1.9787128957490219,9960.75554045817,0.5746526202580723,0.5381696083107416,West Jemalong,Forbes,2.1,False
73,surryhills3311kv,Surry Hills 33_11kV,2021,2,2.2142177655844444,12247.93342267185,0.6314491454100826,0.7091644117354335,West Jemalong,Forbes,2.1,False
74,aberdeen6611kv,Aberdeen 66_11kV,2022,3,2.0753444881255194,9341.781560018211,0.5138488700045181,0.3870629867638837,West Jemalong,Forbes,2.1,False
75,rutherford3311kv,Rutherford 33_11kV,2022,0,2.0611826171373018,9886.067298130878,0.5475237787459197,0.48960602372620204,West Jemalong,Forbes,2.1,False
76,homebushbay13211kv,Homebush Bay 132_11kV,2025,1,1.9428679948139582,10502.487359128783,0.6170846837214643,0.6286282243930236,West Jemalong,Forbes,2.1,False
77,crowsnest13211kv,Crows Nest 132_11kV,2025,2,1.7006128163692158,8660.243486726611,0.5813270726048883,0.47007005251939793,West Jemalong,Forbes,2.1,False
78,riverwood3311kv,Riverwood 33_11kV,2016,3,2.217380202932435,11124.012563882323,0.5726868338827977,0.5138273665929618,West Jemalong,Forbes,2.1,False
79,aberdeen6611kv,Aberdeen 66_11kV,2022,3,2.134735568170035,9615.743217555153,0.5142030695884561,0.3802433007410323,West Jemalong,Forbes,2.1,False
80,jannali3311kv,Jannali 33_11kV,2016,3,2.2908859478125487,9994.656369447039,0.4980354910366325,0.474421508856343,West Jemalong,Forbes,2.1,False
81,waverley13211kv,Waverley 132_11kV,2023,2,1.839972672014749,8433.581589227084,0.5232347409197141,0.42461501421136866,West Jemalong,Forbes,2.1,False
82,medowie3311kv,Medowie 33_11kV,2023,3,1.9568312135312766,8090.089366957035,0.4719498427133112,0.35802097617331785,West Jemalong,Forbes,2.1,False
83,botany3311kv,Botany 33_11kV,2016,0,2.0015619434378267,10890.180222746943,0.6211005671746583,0.632545524281481,West Jemalong,Forbes,2.1,False
84,williamtown3311kv,Williamtown 33_11kV,2021,0,2.1503060860187126,11094.730832649539,0.5889960470204484,0.6470709294320217,West Jemalong,Forbes,2.1,False
85,camperdown3311kv,Camperdown 33_11kV,2024,2,1.9081412109060538,10487.331736085649,0.6274084859627161,0.5747573690927035,West Jemalong,Forbes,2.1,False
86,narrabeen3311kv,Narrabeen 33_11kV,2015,2,2.3203426126033766,11002.339359228752,0.5412885174263848,0.530715191264865,West Jemalong,Forbes,2.1,False
87,castlecove13211kv,Castle Cove 132_11kV,2020,2,2.0560929052350896,10364.492486992685,0.5754415278584427,0.5015382061409721,West Jemalong,Forbes,2.1,False
88,basshill3311kv,Bass Hill 33_11kV,2017,0,2.2819477267320205,12420.764803285147,0.6213532014248817,0.6988818547071529,West Jemalong,Forbes,2.1,False
89,olympicpark13211kv,Olympic Park 132_11kV,2025,2,2.254666464808976,12202.589580005624,0.6178251638655801,0.7138918802069365,West Jemalong,Forbes,2.1,False
90,revesby13211kv,Revesby 132_11kV,2025,3,1.677957172164524,6920.071948240309,0.4707882681832413,0.2962793316974065,West Jemalong,Forbes,2.1,False
91,matraville3311kv,Matraville 33_11kV,2020,0,2.099027548904923,10851.128761827065,0.590136765771339,0.6789930901863411,West Jemalong,Forbes,2.1,False
92,metford3311kv,Metford 33_11kV,2020,3,2.0635489607790434,9204.031072173218,0.5091657617670114,0.5079713342309128,West Jemalong,Forbes,2.1,False
93,milperra13211kv,Milperra 132_11kV,2020,1,2.032817110119728,10732.557092751527,0.6026994480787016,0.5413860577963497,West Jemalong,Forbes,2.1,False
94,berkeleyvale13211kv,Berkeley Vale 132_11kV,2019,0,2.01511495626434,11165.67401307169,0.6325298302037428,0.6753285742956749,West Jemalong,Forbes,2.1,False
95,dalleyst13211kv,Dalley St 132_11kV,2024,1,2.253189502115978,9766.142337024601,0.4947903539050872,0.42373254334818594,West Jemalong,Forbes,2.1,False
96,greensquare13211kv,Green Square 132_11kV,2022,1,2.1484688186058727,11838.506625669797,0.6290189949655409,0.7213848516367006,West Jemalong,Forbes,2.1,False
97,noraville3311kv,Noraville 33_11kV,2016,3,1.9818228648588387,9313.001477692434,0.5364394777246422,0.47408004895944317,West Jemalong,Forbes,2.1,False
98,branxton6611kv,Branxton 66_11kV,2017,3,2.2594187066232982,9190.258641391607,0.46433017491998485,0.5298457351890749,West Jemalong,Forbes,2.1,False
99,kotara3311kv,Kotara 33_11kV,2019,2,2.366138009179539,11385.660731249858,0.549305642843303,0.5180512172130629,West Jemalong,Forbes,2.1,False
100,maroubra13211kv,Maroubra 132_11kV,2023,2,2.4417446057774863,13395.264492730033,0.6262488626603183,0.7991005939572797,West Jemalong,Forbes,2.1,False
