station_key,canonical_station_name,first_financial_year,last_financial_year,year_count,financial_years,eligible_year_count,all_file_names
adamstown13211kv,Adamstown 132_11kV,2015,2025,11,2015;2016;2017;2018;2019;2020;2021;2022;2023;2024;2025,11,Adamstown 132_11kV
auburn3311kv,Auburn 33_11kV,2015,2025,11,2015;2016;2017;2018;2019;2020;2021;2022;2023;2024;2025,11,Auburn 33_11kV
avoca6611kv,Avoca 66_11kV,2015,2025,11,2015;2016;2017;2018;2019;2020;2021;2022;2023;2024;2025,11,Avoca 66_11kV
balgowlahnorth13211kv,Balgowlah North 132_11kV,2015,2025,11,2015;2016;2017;2018;2019;2020;2021;2022;2023;2024;2025,11,Balgowlah North 132_11kV
beaconhill3311kv,Beacon Hill 33_11kV,2015,2025,11,2015;2016;2017;2018;2019;2020;2021;2022;2023;2024;2025,11,Beacon Hill 33_11kV
berkeleyvale13211kv,Berkeley Vale 132_11kV,2015,2025,11,2015;2016;2017;2018;2019;2020;2021;2022;2023;2024;2025,11,Berkeley Vale 132_11kV
blakehurst3311kv,Blakehurst 33_11kV,2015,2025,11,2015;2016;2017;2018;2019;2020;2021;2022;2023;2024;2025,11,Blakehurst 33_11kV
broadmeadow13211kv,Broadmeadow 132_11kV,2015,2025,11,2015;2016;2017;2018;2019;2020;2021;2022;2023;2024;2025,11,Broadmeadow 132_11kV
brookvale3311kv,Brookvale 33_11kV,2015,2025,11,2015;2016;2017;2018;2019;2020;2021;2022;2023;2024;2025,11,Brookvale 33_11kV
campsie3311kv,Campsie 33_11kV,2015,2025,11,2015;2016;2017;2018;2019;2020;2021;2022;2023;2024;2025,11,Campsie 33_11kV
cardiff3311kv,Cardiff 33_11kV,2015,2025,11,2015;2016;2017;2018;2019;2020;2021;2022;2023;2024;2025,11,Cardiff 33_11kV
careelbay3311kv,Careel Bay 33_11kV,2015,2025,11,2015;2016;2017;2018;2019;2020;2021;2022;2023;2024;2025,11,Careel Bay 33_11kV
caringbah3311kv,Caringbah 33_11kV,2015,2025,11,2015;2016;2017;2018;2019;2020;2021;2022;2023;2024;2025,11,Caringbah 33_11kV
castlecove13211kv,Castle Cove 132_11kV,2015,2025,11,2015;2016;2017;2018;2019;2020;2021;2022;2023;2024;2025,11,Castle Cove 132_11kV
charlestown13211kv,Charlestown 132_11kV,2015,2025,11,2015;2016;2017;2018;2019;2020;2021;2022;2023;2024;2025,11,Charlestown 132_11kV
citynorth13211kv,City North 132_11kV,2015,2025,11,2015;2016;2017;2018;2019;2020;2021;2022;2023;2024;2025,11,City North 132_11kV
citysouth13211kv,City South 132_11kV,2015,2025,11,2015;2016;2017;2018;2019;2020;2021;2022;2023;2024;2025,11,City South 132_11kV
clovelly13211kv,Clovelly 132_11kV,2015,2025,11,2015;2016;2017;2018;2019;2020;2021;2022;2023;2024;2025,11,Clovelly 132_11kV
cronulla13211kv,Cronulla 132_11kV,2015,2025,11,2015;2016;2017;2018;2019;2020;2021;2022;2023;2024;2025,11,Cronulla 132_11kV
dalleyst13211kv,Dalley St 132_11kV,2015,2025,11,2015;2016;2017;2018;2019;2020;2021;2022;2023;2024;2025,11,Dalley St 132_11kV
darlingharbour13211kv,Darling Harbour 132_11kV,2015,2025,11,2015;2016;2017;2018;2019;2020;2021;2022;2023;2024;2025,11,Darling Harbour 132_11kV
deewhywest3311kv,Dee Why West 33_11kV,2015,2025,11,2015;2016;2017;2018;2019;2020;2021;2022;2023;2024;2025,11,Dee Why West 33_11kV
doublebay13211kv,Double Bay 132_11kV,2015,2025,11,2015;2016;2017;2018;2019;2020;2021;2022;2023;2024;2025,11,Double Bay 132_11kV
edgeworth3311kv,Edgeworth 33_11kV,2015,2025,11,2015;2016;2017;2018;2019;2020;2021;2022;2023;2024;2025,11,Edgeworth 33_11kV
epping6611kv,Epping 66_11kV,2015,2025,11,2015;2016;2017;2018;2019;2020;2021;2022;2023;2024;2025,11,Epping 66_11kV
flemington13211kv,Flemington 132_11kV,2015,2025,11,2015;2016;2017;2018;2019;2020;2021;2022;2023;2024;2025,11,Flemington 132_11kV
galston13211kv,Galston 132_11kV,2015,2025,11,2015;2016;2017;2018;2019;2020;2021;2022;2023;2024;2025,11,Galston 132_11kV
gorehill3311kv,Gore Hill 33_11kV,2015,2025,11,2015;2016;2017;2018;2019;2020;2021;2022;2023;2024;2025,11,Gore Hill 33_11kV
hornsby13211kv,Hornsby 132_11kV,2015,2025,11,2015;2016;2017;2018;2019;2020;2021;2022;2023;2024;2025,11,Hornsby 132_11kV
jesmond13211kv,Jesmond 132_11kV,2015,2025,11,2015;2016;2017;2018;2019;2020;2021;2022;2023;2024;2025,11,Jesmond 132_11kV
killarney3311kv,Killarney 33_11kV,2015,2025,11,2015;2016;2017;2018;2019;2020;2021;2022;2023;2024;2025,11,Killarney 33_11kV
kingsford13211kv,Kingsford 132_11kV,2015,2025,11,2015;2016;2017;2018;2019;2020;2021;2022;2023;2024;2025,11,Kingsford 132_11kV
kirrawee13211kv,Kirrawee 132_11kV,2015,2025,11,2015;2016;2017;2018;2019;2020;2021;2022;2023;2024;2025,11,Kirrawee 132_11kV
leightonfield3311kv,Leightonfield 33_11kV,2015,2025,11,2015;2016;2017;2018;2019;2020;2021;2022;2023;2024;2025,11,Leightonfield 33_11kV
lidcombe3311kv,Lidcombe 33_11kV,2015,2025,11,2015;2016;2017;2018;2019;2020;2021;2022;2023;2024;2025,11,Lidcombe 33_11kV
lisarow3311kv,Lisarow 33_11kV,2015,2025,11,2015;2016;2017;2018;2019;2020;2021;2022;2023;2024;2025,11,Lisarow 33_11kV
maroubra13211kv,Maroubra 132_11kV,2015,2025,11,2015;2016;2017;2018;2019;2020;2021;2022;2023;2024;2025,11,Maroubra 132_11kV
mascot3311kv,Mascot 33_11kV,2015,2025,11,2015;2016;2017;2018;2019;2020;2021;2022;2023;2024;2025,11,Mascot 33_11kV
mayfieldwest13211kv,Mayfield West 132_11kV,2015,2025,11,2015;2016;2017;2018;2019;2020;2021;2022;2023;2024;2025,11,Mayfield West 132_11kV
meadowbank13211kv,Meadowbank 132_11kV,2015,2025,11,2015;2016;2017;2018;2019;2020;2021;2022;2023;2024;2025,11,Meadowbank 132_11kV
menai13211kv,Menai 132_11kV,2015,2025,11,2015;2016;2017;2018;2019;2020;2021;2022;2023;2024;2025,11,Menai 132_11kV
milperra13211kv,Milperra 132_11kV,2015,2025,11,2015;2016;2017;2018;2019;2020;2021;2022;2023;2024;2025,11,Milperra 132_11kV
miranda3311kv,Miranda 33_11kV,2015,2025,11,2015;2016;2017;2018;2019;2020;2021;2022;2023;2024;2025,11,Miranda 33_11kV
mitchellline6611kv,Mitchell Line 66_11kV,2015,2025,11,2015;2016;2017;2018;2019;2020;2021;2022;2023;2024;2025,11,Mitchell Line 66_11kV
mortdale3311kv,Mortdale 33_11kV,2015,2025,11,2015;2016;2017;2018;2019;2020;2021;2022;2023;2024;2025,11,Mortdale 33_11kV
mosman13211kv,Mosman 132_11kV,2015,2025,11,2015;2016;2017;2018;2019;2020;2021;2022;2023;2024;2025,11,Mosman 132_11kV
mtthorley6611kv,Mt Thorley 66_11kV,2015,2025,11,2015;2016;2017;2018;2019;2020;2021;2022;2023;2024;2025,11,Mt Thorley 66_11kV
narrabeen3311kv,Narrabeen 33_11kV,2015,2025,11,2015;2016;2017;2018;2019;2020;2021;2022;2023;2024;2025,11,Narrabeen 33_11kV
newcastlecbd3311kv,Newcastle CBD 33_11kV,2015,2025,11,2015;2016;2017;2018;2019;2020;2021;2022;2023;2024;2025,11,Newcastle CBD 33_11kV
newport3311kv,Newport 33_11kV,2015,2025,11,2015;2016;2017;2018;2019;2020;2021;2022;2023;2024;2025,11,Newport 33_11kV
paddington3311kv,Paddington 33_11kV,2015,2025,11,2015;2016;2017;2018;2019;2020;2021;2022;2023;2024;2025,11,Paddington 33_11kV
pelican3311kv,Pelican 33_11kV,2015,2025,11,2015;2016;2017;2018;2019;2020;2021;2022;2023;2024;2025,11,Pelican 33_11kV
pennanthills13211kv,Pennant Hills 132_11kV,2015,2025,11,2015;2016;2017;2018;2019;2020;2021;2022;2023;2024;2025,11,Pennant Hills 132_11kV
portbotany3311kv,Port Botany 33_11kV,2015,2025,11,2015;2016;2017;2018;2019;2020;2021;2022;2023;2024;2025,11,Port Botany 33_11kV
pottshill13211kv,Potts Hill 132_11kV,2015,2025,11,2015;2016;2017;2018;2019;2020;2021;2022;2023;2024;2025,11,Potts Hill 132_11kV
punchbowl3311kv,Punchbowl 33_11kV,2015,2025,11,2015;2016;2017;2018;2019;2020;2021;2022;2023;2024;2025,11,Punchbowl 33_11kV
pymble3311kv,Pymble 33_11kV,2015,2025,11,2015;2016;2017;2018;2019;2020;2021;2022;2023;2024;2025,11,Pymble 33_11kV
raymondterrnew3311kv,Raymond Terr NEW 33_11kV,2015,2025,11,2015;2016;2017;2018;2019;2020;2021;2022;2023;2024;2025,11,Raymond Terr NEW 33_11kV
revesby13211kv,Revesby 132_11kV,2015,2025,11,2015;2016;2017;2018;2019;2020;2021;2022;2023;2024;2025,11,Revesby 132_11kV
riverwood3311kv,Riverwood 33_11kV,2015,2025,11,2015;2016;2017;2018;2019;2020;2021;2022;2023;2024;2025,11,Riverwood 33_11kV
sanssouci3311kv,Sans Souci 33_11kV,2015,2025,11,2015;2016;2017;2018;2019;2020;2021;2022;2023;2024;2025,11,Sans Souci 33_11kV
scone6611kv,Scone 66_11kV,2015,2025,11,2015;2016;2017;2018;2019;2020;2021;2022;2023;2024;2025,11,Scone 66_11kV
sefton13211kv,Sefton 132_11kV,2015,2025,11,2015;2016;2017;2018;2019;2020;2021;2022;2023;2024;2025,11,Sefton 132_11kV
stpeters13211kv,St Peters 132_11kV,2015,2025,11,2015;2016;2017;2018;2019;2020;2021;2022;2023;2024;2025,11,St Peters 132_11kV
surryhills3311kv,Surry Hills 33_11kV,2015,2025,11,2015;2016;2017;2018;2019;2020;2021;2022;2023;2024;2025,11,Surry Hills 33_11kV
tomago3311kv,Tomago 33_11kV,2015,2025,11,2015;2016;2017;2018;2019;2020;2021;2022;2023;2024;2025,11,Tomago 33_11kV
turramurra3311kv,Turramurra 33_11kV,2015,2025,11,2015;2016;2017;2018;2019;2020;2021;2022;2023;2024;2025,11,Turramurra 33_11kV
woywoy6611kv,Woy Woy 66_11kV,2015,2025,11,2015;2016;2017;2018;2019;2020;2021;2022;2023;2024;2025,11,Woy Woy 66_11kV
zetland13211kv,Zetland 132_11kV,2015,2025,11,2015;2016;2017;2018;2019;2020;2021;2022;2023;2024;2025,11,Zetland 132_11kV
argenton13211kv,Argenton 132_11kV,2015,2025,11,2015;2016;2017;2018;2019;2020;2021;2022;2023;2024;2025,10,Argenton 132_11kV
baerami3311kv,Baerami 33_11kV,2015,2025,11,2015;2016;2017;2018;2019;2020;2021;2022;2023;2024;2025,10,Baerami 33_11kV
bankstown13211kv,Bankstown 132_11kV,2015,2025,11,2015;2016;2017;2018;2019;2020;2021;2022;2023;2024;2025,10,Bankstown 132_11kV
basshill3311kv,Bass Hill 33_11kV,2015,2025,11,2015;2016;2017;2018;2019;2020;2021;2022;2023;2024;2025,10,Bass Hill 33_11kV
belrose3311kv,Belrose 33_11kV,2015,2025,11,2015;2016;2017;2018;2019;2020;2021;2022;2023;2024;2025,10,Belrose 33_11kV
berowra13211kv,Berowra 132_11kV,2015,2025,11,2015;2016;2017;2018;2019;2020;2021;2022;2023;2024;2025,10,Berowra 132_11kV
burwood13211kv,Burwood 132_11kV,2015,2025,11,2015;2016;2017;2018;2019;2020;2021;2022;2023;2024;2025,10,Burwood 132_11kV
campbellst13211kv,Campbell St 132_11kV,2015,2025,11,2015;2016;2017;2018;2019;2020;2021;2022;2023;2024;2025,10,Campbell St 132_11kV
chatswood3311kv,Chatswood 33_11kV,2015,2025,11,2015;2016;2017;2018;2019;2020;2021;2022;2023;2024;2025,10,Chatswood 33_11kV
citycentral13211kv,City Central 132_11kV,2015,2025,11,2015;2016;2017;2018;2019;2020;2021;2022;2023;2024;2025,10,City Central 132_11kV
concord3311kv,Concord 33_11kV,2015,2025,11,2015;2016;2017;2018;2019;2020;2021;2022;2023;2024;2025,10,Concord 33_11kV
darlinghurst3311kv,Darlinghurst 33_11kV,2015,2025,11,2015;2016;2017;2018;2019;2020;2021;2022;2023;2024;2025,10,Darlinghurst 33_11kV
drummoyne13211kv,Drummoyne 132_11kV,2015,2025,11,2015;2016;2017;2018;2019;2020;2021;2022;2023;2024;2025,10,Drummoyne 132_11kV
erina6611kv,Erina 66_11kV,2015,2025,11,2015;2016;2017;2018;2019;2020;2021;2022;2023;2024;2025,10,Erina 66_11kV
gateshead3311kv,Gateshead 33_11kV,2015,2025,11,2015;2016;2017;2018;2019;2020;2021;2022;2023;2024;2025,10,Gateshead 33_11kV
harbord3311kv,Harbord 33_11kV,2015,2025,11,2015;2016;2017;2018;2019;2020;2021;2022;2023;2024;2025,10,Harbord 33_11kV
huntershill6611kv,Hunters Hill 66_11kV,2015,2025,11,2015;2016;2017;2018;2019;2020;2021;2022;2023;2024;2025,10,Hunters Hill 66_11kV
lindfield3311kv,Lindfield 33_11kV,2015,2025,11,2015;2016;2017;2018;2019;2020;2021;2022;2023;2024;2025,10,Lindfield 33_11kV
longjetty6611kv,Long Jetty 66_11kV,2015,2025,11,2015;2016;2017;2018;2019;2020;2021;2022;2023;2024;2025,10,Long Jetty 66_11kV
manly3311kv,Manly 33_11kV,2015,2025,11,2015;2016;2017;2018;2019;2020;2021;2022;2023;2024;2025,10,Manly 33_11kV
merriwa3311kv,Merriwa 33_11kV,2015,2025,11,2015;2016;2017;2018;2019;2020;2021;2022;2023;2024;2025,10,Merriwa 33_11kV
noraville3311kv,Noraville 33_11kV,2015,2025,11,2015;2016;2017;2018;2019;2020;2021;2022;2023;2024;2025,10,Noraville 33_11kV
nulkaba3311kv,Nulkaba 33_11kV,2015,2025,11,2015;2016;2017;2018;2019;2020;2021;2022;2023;2024;2025,10,Nulkaba 33_11kV
peatsridge3311kv,Peats Ridge 33_11kV,2015,2025,11,2015;2016;2017;2018;2019;2020;2021;2022;2023;2024;2025,10,Peats Ridge 33_11kV
rutherford3311kv,Rutherford 33_11kV,2015,2025,11,2015;2016;2017;2018;2019;2020;2021;2022;2023;2024;2025,10,Rutherford 33_11kV
singletonnorth6611kv,Singleton North 66_11kV,2015,2025,11,2015;2016;2017;2018;2019;2020;2021;2022;2023;2024;2025,10,Singleton North 66_11kV
stives3311kv,St Ives 33_11kV,2015,2025,11,2015;2016;2017;2018;2019;2020;2021;2022;2023;2024;2025,10,St Ives 33_11kV
terreyhills3311kv,Terrey Hills 33_11kV,2015,2025,11,2015;2016;2017;2018;2019;2020;2021;2022;2023;2024;2025,10,Terrey Hills 33_11kV
topryde13211kv,Top Ryde 132_11kV,2015,2025,11,2015;2016;2017;2018;2019;2020;2021;2022;2023;2024;2025,10,Top Ryde 132_11kV
umina6611kv,Umina 66_11kV,2015,2025,11,2015;2016;2017;2018;2019;2020;2021;2022;2023;2024;2025,10,Umina 66_11kV
waverley13211kv,Waverley 132_11kV,2015,2025,11,2015;2016;2017;2018;2019;2020;2021;2022;2023;2024;2025,10,Waverley 132_11kV
westgosford13211kv,West Gosford 132_11kV,2015,2025,11,2015;2016;2017;2018;2019;2020;2021;2022;2023;2024;2025,10,West Gosford 132_11kV
camperdown335kv,Camperdown 33_5kV,2015,2024,10,2015;2016;2017;2018;2019;2020;2021;2022;2023;2024,10,Camperdown 33_5kV
botany3311kv,Botany 33_11kV,2015,2025,11,2015;2016;2017;2018;2019;2020;2021;2022;2023;2024;2025,9,Botany 33_11kV
charmhaven13211kv,Charmhaven 132_11kV,2015,2025,11,2015;2016;2017;2018;2019;2020;2021;2022;2023;2024;2025,9,Charmhaven 132_11kV
croudacebay3311kv,Croudace Bay 33_11kV,2015,2025,11,2015;2016;2017;2018;2019;2020;2021;2022;2023;2024;2025,9,Croudace Bay 33_11kV
empirebay6611kv,Empire Bay 66_11kV,2015,2025,11,2015;2016;2017;2018;2019;2020;2021;2022;2023;2024;2025,9,Empire Bay 66_11kV
greensquare13211kv,Green Square 132_11kV,2015,2025,11,2015;2016;2017;2018;2019;2020;2021;2022;2023;2024;2025,9,Green Square 132_11kV
homebushbay13211kv,Homebush Bay 132_11kV,2015,2025,11,2015;2016;2017;2018;2019;2020;2021;2022;2023;2024;2025,9,Homebush Bay 132_11kV
jewells3311kv,Jewells 33_11kV,2015,2025,11,2015;2016;2017;2018;2019;2020;2021;2022;2023;2024;2025,9,Jewells 33_11kV
kogarah13211kv,Kogarah 132_11kV,2015,2025,11,2015;2016;2017;2018;2019;2020;2021;2022;2023;2024;2025,9,Kogarah 132_11kV
kotara3311kv,Kotara 33_11kV,2015,2025,11,2015;2016;2017;2018;2019;2020;2021;2022;2023;2024;2025,9,Kotara 33_11kV
lakemunmorah13211kv,Lake Munmorah 132_11kV,2015,2025,11,2015;2016;2017;2018;2019;2020;2021;2022;2023;2024;2025,9,Lake Munmorah 132_11kV
macquariepark13211kv,Macquarie Park 132_11kV,2015,2025,11,2015;2016;2017;2018;2019;2020;2021;2022;2023;2024;2025,9,Macquarie Park 132_11kV
maitland3311kv,Maitland 33_11kV,2015,2025,11,2015;2016;2017;2018;2019;2020;2021;2022;2023;2024;2025,9,Maitland 33_11kV
marrickville13211kv,Marrickville 132_11kV,2015,2025,11,2015;2016;2017;2018;2019;2020;2021;2022;2023;2024;2025,9,Marrickville 132_11kV
maryland13211kv,Maryland 132_11kV,2015,2025,11,2015;2016;2017;2018;2019;2020;2021;2022;2023;2024;2025,9,Maryland 132_11kV
matraville3311kv,Matraville 33_11kV,2015,2025,11,2015;2016;2017;2018;2019;2020;2021;2022;2023;2024;2025,9,Matraville 33_11kV
nelsonbay3311kv,Nelson Bay 33_11kV,2015,2025,11,2015;2016;2017;2018;2019;2020;2021;2022;2023;2024;2025,9,Nelson Bay 33_11kV
rathmines13211kv,Rathmines 132_11kV,2015,2025,11,2015;2016;2017;2018;2019;2020;2021;2022;2023;2024;2025,9,Rathmines 132_11kV
rothbury13211kv,Rothbury 132_11kV,2015,2025,11,2015;2016;2017;2018;2019;2020;2021;2022;2023;2024;2025,9,Rothbury 132_11kV
swansea3311kv,Swansea 33_11kV,2015,2025,11,2015;2016;2017;2018;2019;2020;2021;2022;2023;2024;2025,9,Swansea 33_11kV
tanilbabay3311kv,Tanilba Bay 33_11kV,2015,2025,11,2015;2016;2017;2018;2019;2020;2021;2022;2023;2024;2025,9,Tanilba Bay 33_11kV
thornton3311kv,Thornton 33_11kV,2015,2025,11,2015;2016;2017;2018;2019;2020;2021;2022;2023;2024;2025,9,Thornton 33_11kV
tomaree3311kv,Tomaree 33_11kV,2015,2025,11,2015;2016;2017;2018;2019;2020;2021;2022;2023;2024;2025,9,Tomaree 33_11kV
wamberal13211kv,Wamberal 132_11kV,2015,2025,11,2015;2016;2017;2018;2019;2020;2021;2022;2023;2024;2025,9,Wamberal 132_11kV
cityeast3311kv,City East 33_11kV,2015,2023,9,2015;2016;2017;2018;2019;2020;2021;2022;2023,9,City East 33_11kV
dulwichhill3311kv,Dulwich Hill 33_11kV,2015,2023,9,2015;2016;2017;2018;2019;2020;2021;2022;2023,9,Dulwich Hill 33_11kV
greenacrepark13211kv,Greenacre Park 132_11kV,2015,2023,9,2015;2016;2017;2018;2019;2020;2021;2022;2023,9,Greenacre Park 132_11kV
rnshospital13211kv,RNS Hospital 132_11kV,2017,2025,9,2017;2018;2019;2020;2021;2022;2023;2024;2025,9,RNS Hospital 132_11kV
singleton6611kv,Singleton 66_11kV,2017,2025,9,2017;2018;2019;2020;2021;2022;2023;2024;2025,9,Singleton 66_11kV
tarro3311kv,Tarro 33_11kV,2017,2025,9,2017;2018;2019;2020;2021;2022;2023;2024;2025,9,Tarro 33_11kV
williamtown3311kv,Williamtown 33_11kV,2017,2025,9,2017;2018;2019;2020;2021;2022;2023;2024;2025,9,Williamtown 33_11kV
aberdeen6611kv,Aberdeen 66_11kV,2015,2025,11,2015;2016;2017;2018;2019;2020;2021;2022;2023;2024;2025,8,Aberdeen 66_11kV
avondale3311kv,Avondale 33_11kV,2015,2025,11,2015;2016;2017;2018;2019;2020;2021;2022;2023;2024;2025,8,Avondale 33_11kV
brandyhill13211kv,Brandy Hill 132_11kV,2015,2025,11,2015;2016;2017;2018;2019;2020;2021;2022;2023;2024;2025,8,Brandy Hill 132_11kV
branxton6611kv,Branxton 66_11kV,2015,2025,11,2015;2016;2017;2018;2019;2020;2021;2022;2023;2024;2025,8,Branxton 66_11kV
camperdown3311kv,Camperdown 33_11kV,2015,2025,11,2015;2016;2017;2018;2019;2020;2021;2022;2023;2024;2025,8,Camperdown 33_11kV
denman6611kv,Denman 66_11kV,2015,2025,11,2015;2016;2017;2018;2019;2020;2021;2022;2023;2024;2025,8,Denman 66_11kV
hurstvillenorth13211kv,Hurstville North 132_11kV,2015,2025,11,2015;2016;2017;2018;2019;2020;2021;2022;2023;2024;2025,8,Hurstville North 132_11kV
kurri13211kv,Kurri 132_11kV,2015,2025,11,2015;2016;2017;2018;2019;2020;2021;2022;2023;2024;2025,8,Kurri 132_11kV
lemington6611kv,Lemington 66_11kV,2015,2025,11,2015;2016;2017;2018;2019;2020;2021;2022;2023;2024;2025,8,Lemington 66_11kV
medowie3311kv,Medowie 33_11kV,2015,2025,11,2015;2016;2017;2018;2019;2020;2021;2022;2023;2024;2025,8,Medowie 33_11kV
monavale3311kv,Mona Vale 33_11kV,2015,2025,11,2015;2016;2017;2018;2019;2020;2021;2022;2023;2024;2025,8,Mona Vale 33_11kV
moonan3311kv,Moonan 33_11kV,2015,2025,11,2015;2016;2017;2018;2019;2020;2021;2022;2023;2024;2025,8,Moonan 33_11kV
morisset13211kv,Morisset 132_11kV,2015,2025,11,2015;2016;2017;2018;2019;2020;2021;2022;2023;2024;2025,8,Morisset 132_11kV
muswellbrook3311kv,Muswellbrook 33_11kV,2015,2025,11,2015;2016;2017;2018;2019;2020;2021;2022;2023;2024;2025,8,Muswellbrook 33_11kV
paxton3311kv,Paxton 33_11kV,2015,2025,11,2015;2016;2017;2018;2019;2020;2021;2022;2023;2024;2025,8,Paxton 33_11kV
rosebay13211kv,Rose Bay 132_11kV,2015,2025,11,2015;2016;2017;2018;2019;2020;2021;2022;2023;2024;2025,8,Rose Bay 132_11kV
stockton3311kv,Stockton 33_11kV,2015,2025,11,2015;2016;2017;2018;2019;2020;2021;2022;2023;2024;2025,8,Stockton 33_11kV
tomalpin3311kv,Tomalpin 33_11kV,2015,2025,11,2015;2016;2017;2018;2019;2020;2021;2022;2023;2024;2025,8,Tomalpin 33_11kV
wyong13211kv,Wyong 132_11kV,2015,2025,11,2015;2016;2017;2018;2019;2020;2021;2022;2023;2024;2025,8,Wyong 132_11kV
northsydney13211kv,North Sydney 132_11kV,2016,2025,10,2016;2017;2018;2019;2020;2021;2022;2023;2024;2025,8,North Sydney 132_11kV
blackwattlebay335kv,Blackwattle Bay 33_5kV,2015,2023,9,2015;2016;2017;2018;2019;2020;2021;2022;2023,8,Blackwattle Bay 33_5kV
crowsnest13211kv,Crows Nest 132_11kV,2017,2025,9,2017;2018;2019;2020;2021;2022;2023;2024;2025,8,Crows Nest 132_11kV
kurnellsouth13211kv,Kurnell South 132_11kV,2017,2025,9,2017;2018;2019;2020;2021;2022;2023;2024;2025,8,Kurnell South 132_11kV
lucasheights3311kv,Lucas Heights 33_11kV,2017,2025,9,2017;2018;2019;2020;2021;2022;2023;2024;2025,8,Lucas Heights 33_11kV
newlambton3311kv,New Lambton 33_11kV,2017,2025,9,2017;2018;2019;2020;2021;2022;2023;2024;2025,8,New Lambton 33_11kV
newdell6611kv,Newdell 66_11kV,2017,2025,9,2017;2018;2019;2020;2021;2022;2023;2024;2025,8,Newdell 66_11kV
northhead3311kv,North Head 33_11kV,2017,2025,9,2017;2018;2019;2020;2021;2022;2023;2024;2025,8,North Head 33_11kV
valespoint3311kv,Vales Point 33_11kV,2017,2025,9,2017;2018;2019;2020;2021;2022;2023;2024;2025,8,Vales Point 33_11kV
jannali3311kv,Jannali 33_11kV,2015,2025,11,2015;2016;2017;2018;2019;2020;2021;2022;2023;2024;2025,7,Jannali 33_11kV
rouchel3311kv,Rouchel 33_11kV,2015,2025,11,2015;2016;2017;2018;2019;2020;2021;2022;2023;2024;2025,7,Rouchel 33_11kV
somersby13211kv,Somersby 132_11kV,2015,2025,11,2015;2016;2017;2018;2019;2020;2021;2022;2023;2024;2025,7,Somersby 132_11kV
metford3311kv,Metford 33_11kV,2016,2025,10,2016;2017;2018;2019;2020;2021;2022;2023;2024;2025,7,Metford 33_11kV
enfield3311kv,Enfield 33_11kV,2015,2023,9,2015;2016;2017;2018;2019;2020;2021;2022;2023,7,Enfield 33_11kV
rockdale13211kv,Rockdale 132_11kV,2017,2025,9,2017;2018;2019;2020;2021;2022;2023;2024;2025,7,Rockdale 132_11kV
tigheshill3311kv,Tighes Hill 33_11kV,2017,2025,9,2017;2018;2019;2020;2021;2022;2023;2024;2025,7,Tighes Hill 33_11kV
torontowest13211kv,Toronto West 132_11kV,2017,2025,9,2017;2018;2019;2020;2021;2022;2023;2024;2025,7,Toronto West 132_11kV
gwawleybay3311kv,Gwawley Bay 33_11kV,2015,2023,8,2015;2016;2017;2018;2019;2020;2021;2023,7,Gwawley Bay 33_11kV
gwawleybay13211kv,Gwawley Bay 132_11kV,2015,2025,11,2015;2016;2017;2018;2019;2020;2021;2022;2023;2024;2025,6,Gwawley Bay 132_11kV
mthutton3311kv,Mt Hutton 33_11kV,2015,2025,11,2015;2016;2017;2018;2019;2020;2021;2022;2023;2024;2025,6,Mt Hutton 33_11kV
telarah3311kv,Telarah 33_11kV,2015,2025,11,2015;2016;2017;2018;2019;2020;2021;2022;2023;2024;2025,6,Telarah 33_11kV
engadine13211kv,Engadine 132_11kV,2016,2025,10,2016;2017;2018;2019;2020;2021;2022;2023;2024;2025,6,Engadine 132_11kV
mitchellsflat6611kv,Mitchells Flat 66_11kV,2015,2025,11,2015;2016;2017;2018;2019;2020;2021;2022;2023;2024;2025,5,Mitchells Flat 66_11kV
cessnocksouth3311kv,Cessnock South 33_11kV,2017,2025,9,2017;2018;2019;2020;2021;2022;2023;2024;2025,5,Cessnock South 33_11kV
croydon13211kv,Croydon 132_11kV,2017,2025,9,2017;2018;2019;2020;2021;2022;2023;2024;2025,5,Croydon 132_11kV
leichhardt13211kv,Leichhardt 132_11kV,2017,2025,9,2017;2018;2019;2020;2021;2022;2023;2024;2025,5,Leichhardt 132_11kV
olympicpark13211kv,Olympic Park 132_11kV,2017,2025,9,2017;2018;2019;2020;2021;2022;2023;2024;2025,5,Olympic Park 132_11kV
arncliffe3311kv,Arncliffe 33_11kV,2015,2023,8,2015;2016;2017;2018;2019;2020;2021;2023,5,Arncliffe 33_11kV
fivedock3311kv,Five Dock 33_11kV,2015,2023,8,2015;2016;2017;2018;2019;2020;2021;2023,5,Five Dock 33_11kV
engadine3311kv,Engadine 33_11kV,2015,2023,8,2015;2016;2017;2018;2019;2020;2021;2023,4,Engadine 33_11kV
leichhardt3311kv,Leichhardt 33_11kV,2015,2023,8,2015;2016;2017;2018;2019;2020;2021;2023,4,Leichhardt 33_11kV
rockdale3311kv,Rockdale 33_11kV,2015,2023,8,2015;2016;2017;2018;2019;2020;2021;2023,4,Rockdale 33_11kV
strathfieldsouth13211kv,Strathfield South 132_11kV,2018,2025,8,2018;2019;2020;2021;2022;2023;2024;2025,4,Strathfield South 132_11kV
belmorepark13211kv,Belmore Park 132_11kV,2016,2025,9,2016;2017;2018;2019;2020;2021;2023;2024;2025,3,Belmore Park 132_11kV
broadmeadow3311kv,Broadmeadow 33_11kV,2015,2023,8,2015;2016;2017;2018;2019;2020;2021;2023,3,Broadmeadow 33_11kV
crowsnest3311kv,Crows Nest 33_11kV,2015,2023,8,2015;2016;2017;2018;2019;2020;2021;2023,3,Crows Nest 33_11kV
toronto3311kv,Toronto 33_11kV,2015,2023,8,2015;2016;2017;2018;2019;2020;2021;2023,3,Toronto 33_11kV
cessnock3311kv,Cessnock 33_11kV,2015,2023,8,2015;2016;2017;2018;2019;2020;2021;2023,2,Cessnock 33_11kV
northsydney3311kv,North Sydney 33_11kV,2015,2023,8,2015;2016;2017;2018;2019;2020;2021;2023,2,North Sydney 33_11kV
rosebay3311kv,Rose Bay 33_11kV,2015,2021,7,2015;2016;2017;2018;2019;2020;2021,2,Rose Bay 33_11kV
summerhill3311kv,Summer Hill 33_11kV,2018,2025,7,2018;2019;2020;2021;2023;2024;2025,2,Summer Hill 33_11kV
greenacre13211kv,Greenacre 132_11kV,2018,2025,7,2018;2019;2020;2021;2023;2024;2025,1,Greenacre 132_11kV
hurstvillenorth3311kv,Hurstville North 33_11kV,2015,2021,7,2015;2016;2017;2018;2019;2020;2021,1,Hurstville North 33_11kV
carrington3311kv,Carrington 33_11kV,2017,2023,6,2017;2018;2019;2020;2021;2023,1,Carrington 33_11kV
eastmaitland3311kv,East Maitland 33_11kV,2015,2020,6,2015;2016;2017;2018;2019;2020,1,East Maitland 33_11kV
waverley3311kv,Waverley 33_11kV,2015,2021,6,2015;2017;2018;2019;2020;2021,1,Waverley 33_11kV
wamberal6611kv,Wamberal 66_11kV,2015,2023,8,2015;2016;2017;2018;2019;2020;2021;2023,0,Wamberal 66_11kV
wallalong3311kv,Wallalong 33_11kV,2015,2020,6,2015;2016;2017;2018;2019;2020,0,Wallalong 33_11kV
aberdeen3311kv,Aberdeen 33_11kV,2015,2020,5,2015;2017;2018;2019;2020,0,Aberdeen 33_11kV
cityeast13211kv,City East 132_11kV,2017,2021,5,2017;2018;2019;2020;2021,0,City East 132_11kV
citynorth3311kv,City North 33_11kV,2017,2021,5,2017;2018;2019;2020;2021,0,City North 33_11kV
mayfield3311kv,Mayfield 33_11kV,2015,2020,5,2015;2017;2018;2019;2020,0,Mayfield 33_11kV
rathmines13211kvtemp,Rathmines 132_11kV Temp,2015,2020,5,2015;2017;2018;2019;2020,0,Rathmines 132_11kV Temp
adamstown3311kv,Adamstown 33_11kV,2017,2020,4,2017;2018;2019;2020,0,Adamstown 33_11kV
balgowlah3311kv,Balgowlah 33_11kV,2017,2020,4,2017;2018;2019;2020,0,Balgowlah 33_11kV
boolaroo3311kv,Boolaroo 33_11kV,2017,2020,4,2017;2018;2019;2020,0,Boolaroo 33_11kV
charlestown3311kv,Charlestown 33_11kV,2017,2020,4,2017;2018;2019;2020,0,Charlestown 33_11kV
dudley3311kv,Dudley 33_11kV,2017,2020,4,2017;2018;2019;2020,0,Dudley 33_11kV
kurnell3311kv,Kurnell 33_11kV,2017,2020,4,2017;2018;2019;2020,0,Kurnell 33_11kV
kurnell3363kv,Kurnell 33_6.3kV,2017,2020,4,2017;2018;2019;2020,0,Kurnell 33_6.3kV
kurri3311kv,Kurri 33_11kV,2017,2020,4,2017;2018;2019;2020,0,Kurri 33_11kV
lakemunmorah3311kv,Lake Munmorah 33_11kV,2017,2020,4,2017;2018;2019;2020,0,Lake Munmorah 33_11kV
longjetty3311kv,Long Jetty 33_11kV,2017,2020,4,2017;2018;2019;2020,0,Long Jetty 33_11kV
maitlandcentral3311kv,Maitland Central 33_11kV,2017,2020,4,2017;2018;2019;2020,0,Maitland Central 33_11kV
morisset3311kvtemp,Morisset 33_11kV Temp,2017,2020,4,2017;2018;2019;2020,0,Morisset 33_11kV Temp
northryde6611kv,North Ryde 66_11kV,2017,2020,4,2017;2018;2019;2020,0,North Ryde 66_11kV
padstow3311kv,Padstow 33_11kV,2017,2020,4,2017;2018;2019;2020,0,Padstow 33_11kV
randwick3311kv,Randwick 33_11kV,2017,2020,4,2017;2018;2019;2020,0,Randwick 33_11kV
raymondterrace3311kv,Raymond Terrace 33_11kV,2017,2020,4,2017;2018;2019;2020,0,Raymond Terrace 33_11kV
saltash3311kv,Salt Ash 33_11kV,2017,2020,4,2017;2018;2019;2020,0,Salt Ash 33_11kV
shortland3311kv,Shortland 33_11kV,2017,2020,4,2017;2018;2019;2020,0,Shortland 33_11kV
wallsend3311kv,Wallsend 33_11kV,2017,2020,4,2017;2018;2019;2020,0,Wallsend 33_11kV
