factor_id,category,technology,min_g_co2e_per_kwh,q1_g_co2e_per_kwh,median_g_co2e_per_kwh,q3_g_co2e_per_kwh,max_g_co2e_per_kwh,functional_unit,scope,source_type,source_publisher,source_title,source_doi,source_catalogue_url,source_workbook_url,source_workbook_sheet,source_workbook_row,source_reference_and_notes
NREL_LCA_BIOPOWER_ALL_TECHNOLOGIES,Renewable,Biopower (All Technologies),-1000.0,28.0,52.0,110.0,1300.0,g CO2-e per kWh of electricity generated,"total life cycle across upstream, operation and downstream as represented in source harmonisation dataset",direct_official_dataset,NREL/National Laboratory of the Rockies,Life Cycle Greenhouse Gas Emissions from Electricity Generation: Update,10.7799/1819907,https://data.nlr.gov/submissions/171,https://data.nlr.gov/system/files/171/EF_Table_FINAL.xlsx,EF_Table,4,57 (+2) | 276 (+4) | EPRI 2013
NREL_LCA_CO_FIRING,Renewable,Co-firing,-1000.0,53.0,170.0,880.0,1300.0,g CO2-e per kWh of electricity generated,"total life cycle across upstream, operation and downstream as represented in source harmonisation dataset",direct_official_dataset,NREL/National Laboratory of the Rockies,Life Cycle Greenhouse Gas Emissions from Electricity Generation: Update,10.7799/1819907,https://data.nlr.gov/submissions/171,https://data.nlr.gov/system/files/171/EF_Table_FINAL.xlsx,EF_Table,5,EPRI 2013
NREL_LCA_DIRECT_COMBUSTION,Renewable,Direct Combustion,3.0,25.0,42.0,64.0,320.0,g CO2-e per kWh of electricity generated,"total life cycle across upstream, operation and downstream as represented in source harmonisation dataset",direct_official_dataset,NREL/National Laboratory of the Rockies,Life Cycle Greenhouse Gas Emissions from Electricity Generation: Update,10.7799/1819907,https://data.nlr.gov/submissions/171,https://data.nlr.gov/system/files/171/EF_Table_FINAL.xlsx,EF_Table,6,EPRI 2013
NREL_LCA_GASIFICATION,Renewable,Gasification,1.2,16.0,40.0,63.0,250.0,g CO2-e per kWh of electricity generated,"total life cycle across upstream, operation and downstream as represented in source harmonisation dataset",direct_official_dataset,NREL/National Laboratory of the Rockies,Life Cycle Greenhouse Gas Emissions from Electricity Generation: Update,10.7799/1819907,https://data.nlr.gov/submissions/171,https://data.nlr.gov/system/files/171/EF_Table_FINAL.xlsx,EF_Table,7,EPRI 2013
NREL_LCA_GASIFICATION_ENGINE,Renewable,Gasification Engine,14.0,85.0,95.0,100.0,110.0,g CO2-e per kWh of electricity generated,"total life cycle across upstream, operation and downstream as represented in source harmonisation dataset",direct_official_dataset,NREL/National Laboratory of the Rockies,Life Cycle Greenhouse Gas Emissions from Electricity Generation: Update,10.7799/1819907,https://data.nlr.gov/submissions/171,https://data.nlr.gov/system/files/171/EF_Table_FINAL.xlsx,EF_Table,8,EPRI 2013
NREL_LCA_PHOTOVOLTAIC_ALL_TECHNOLOGIES,Renewable,Photovoltaic (All Technologies),10.9,30.0,43.4,62.0,226.0,g CO2-e per kWh of electricity generated,"total life cycle across upstream, operation and downstream as represented in source harmonisation dataset",direct_official_dataset,NREL/National Laboratory of the Rockies,Life Cycle Greenhouse Gas Emissions from Electricity Generation: Update,10.7799/1819907,https://data.nlr.gov/submissions/171,https://data.nlr.gov/system/files/171/EF_Table_FINAL.xlsx,EF_Table,9,17 | 46 | Hsu et al. 2012 Kim et al. 2012 | See https://www.nrel.gov/docs/fy13osti/56487.pdf for approximate apportionment of total to individual life cycle stages
NREL_LCA_PHOTOVOLTAIC_THIN_FILM_ALL_TECHNOLOGIES,Renewable,Photovoltaic - Thin Film (All Technologies),11.0,26.0,36.0,48.0,226.0,g CO2-e per kWh of electricity generated,"total life cycle across upstream, operation and downstream as represented in source harmonisation dataset",direct_official_dataset,NREL/National Laboratory of the Rockies,Life Cycle Greenhouse Gas Emissions from Electricity Generation: Update,10.7799/1819907,https://data.nlr.gov/submissions/171,https://data.nlr.gov/system/files/171/EF_Table_FINAL.xlsx,EF_Table,10,5 | 5 | Kim et al. 2012 | See https://www.nrel.gov/docs/fy13osti/56487.pdf for approximate apportionment of total to individual life cycle stages
NREL_LCA_A_SI,Renewable,a-Si,11.0,29.0,37.0,55.0,226.0,g CO2-e per kWh of electricity generated,"total life cycle across upstream, operation and downstream as represented in source harmonisation dataset",direct_official_dataset,NREL/National Laboratory of the Rockies,Life Cycle Greenhouse Gas Emissions from Electricity Generation: Update,10.7799/1819907,https://data.nlr.gov/submissions/171,https://data.nlr.gov/system/files/171/EF_Table_FINAL.xlsx,EF_Table,11,Kim et al. 2012 | See https://www.nrel.gov/docs/fy13osti/56487.pdf for approximate apportionment of total to individual life cycle stages
NREL_LCA_CDTE,Renewable,CdTe,16.0,21.0,25.0,46.0,66.5,g CO2-e per kWh of electricity generated,"total life cycle across upstream, operation and downstream as represented in source harmonisation dataset",direct_official_dataset,NREL/National Laboratory of the Rockies,Life Cycle Greenhouse Gas Emissions from Electricity Generation: Update,10.7799/1819907,https://data.nlr.gov/submissions/171,https://data.nlr.gov/system/files/171/EF_Table_FINAL.xlsx,EF_Table,12,Kim et al. 2012 | See https://www.nrel.gov/docs/fy13osti/56487.pdf for approximate apportionment of total to individual life cycle stages
NREL_LCA_CIGS,Renewable,CIGS,21.0,34.0,41.0,55.0,95.0,g CO2-e per kWh of electricity generated,"total life cycle across upstream, operation and downstream as represented in source harmonisation dataset",direct_official_dataset,NREL/National Laboratory of the Rockies,Life Cycle Greenhouse Gas Emissions from Electricity Generation: Update,10.7799/1819907,https://data.nlr.gov/submissions/171,https://data.nlr.gov/system/files/171/EF_Table_FINAL.xlsx,EF_Table,13,Kim et al. 2012 | See https://www.nrel.gov/docs/fy13osti/56487.pdf for approximate apportionment of total to individual life cycle stages
NREL_LCA_PHOTOVOLTAIC_CRYSTALLINE_SILICON_ALL_TECHNOLOGIES,Renewable,Photovoltaic - Crystalline Silicon (All Technologies),20.0,44.0,57.0,73.0,217.0,g CO2-e per kWh of electricity generated,"total life cycle across upstream, operation and downstream as represented in source harmonisation dataset",direct_official_dataset,NREL/National Laboratory of the Rockies,Life Cycle Greenhouse Gas Emissions from Electricity Generation: Update,10.7799/1819907,https://data.nlr.gov/submissions/171,https://data.nlr.gov/system/files/171/EF_Table_FINAL.xlsx,EF_Table,14,13 | 41 | Hsu et al. 2012 | See https://www.nrel.gov/docs/fy13osti/56487.pdf for approximate apportionment of total to individual life cycle stages
NREL_LCA_MONO_SI,Renewable,mono-Si,30.0,39.0,64.0,69.0,100.0,g CO2-e per kWh of electricity generated,"total life cycle across upstream, operation and downstream as represented in source harmonisation dataset",direct_official_dataset,NREL/National Laboratory of the Rockies,Life Cycle Greenhouse Gas Emissions from Electricity Generation: Update,10.7799/1819907,https://data.nlr.gov/submissions/171,https://data.nlr.gov/system/files/171/EF_Table_FINAL.xlsx,EF_Table,15,Hsu et al. 2012 | See https://www.nrel.gov/docs/fy13osti/56487.pdf for approximate apportionment of total to individual life cycle stages
NREL_LCA_MULTI_SI,Renewable,multi-Si,20.0,45.0,56.0,84.0,217.0,g CO2-e per kWh of electricity generated,"total life cycle across upstream, operation and downstream as represented in source harmonisation dataset",direct_official_dataset,NREL/National Laboratory of the Rockies,Life Cycle Greenhouse Gas Emissions from Electricity Generation: Update,10.7799/1819907,https://data.nlr.gov/submissions/171,https://data.nlr.gov/system/files/171/EF_Table_FINAL.xlsx,EF_Table,16,Hsu et al. 2012 | See https://www.nrel.gov/docs/fy13osti/56487.pdf for approximate apportionment of total to individual life cycle stages
NREL_LCA_GROUND_MOUNTED,Renewable,Ground-mounted,20.0,40.0,68.0,102.0,217.0,g CO2-e per kWh of electricity generated,"total life cycle across upstream, operation and downstream as represented in source harmonisation dataset",direct_official_dataset,NREL/National Laboratory of the Rockies,Life Cycle Greenhouse Gas Emissions from Electricity Generation: Update,10.7799/1819907,https://data.nlr.gov/submissions/171,https://data.nlr.gov/system/files/171/EF_Table_FINAL.xlsx,EF_Table,17,Hsu et al. 2012 | See https://www.nrel.gov/docs/fy13osti/56487.pdf for approximate apportionment of total to individual life cycle stages
NREL_LCA_ROOF_MOUNTED,Renewable,Roof-mounted,20.0,44.0,56.0,69.0,102.0,g CO2-e per kWh of electricity generated,"total life cycle across upstream, operation and downstream as represented in source harmonisation dataset",direct_official_dataset,NREL/National Laboratory of the Rockies,Life Cycle Greenhouse Gas Emissions from Electricity Generation: Update,10.7799/1819907,https://data.nlr.gov/submissions/171,https://data.nlr.gov/system/files/171/EF_Table_FINAL.xlsx,EF_Table,18,Hsu et al. 2012 | See https://www.nrel.gov/docs/fy13osti/56487.pdf for approximate apportionment of total to individual life cycle stages
NREL_LCA_CONCENTRATING_SOLAR_POWER_TROUGH_AND_TOWER,Renewable,Concentrating Solar Power (Trough and Tower),11.0,20.0,28.0,44.0,241.0,g CO2-e per kWh of electricity generated,"total life cycle across upstream, operation and downstream as represented in source harmonisation dataset",direct_official_dataset,NREL/National Laboratory of the Rockies,Life Cycle Greenhouse Gas Emissions from Electricity Generation: Update,10.7799/1819907,https://data.nlr.gov/submissions/171,https://data.nlr.gov/system/files/171/EF_Table_FINAL.xlsx,EF_Table,19,10 | 36 | Burkhardt et al. 2012
NREL_LCA_PARABOLIC_TROUGH,Renewable,Parabolic Trough,12.0,17.0,26.0,100.0,241.0,g CO2-e per kWh of electricity generated,"total life cycle across upstream, operation and downstream as represented in source harmonisation dataset",direct_official_dataset,NREL/National Laboratory of the Rockies,Life Cycle Greenhouse Gas Emissions from Electricity Generation: Update,10.7799/1819907,https://data.nlr.gov/submissions/171,https://data.nlr.gov/system/files/171/EF_Table_FINAL.xlsx,EF_Table,20,Burkhardt et al. 2012
NREL_LCA_POWER_TOWER,Renewable,Power Tower,11.0,23.0,38.0,43.0,200.0,g CO2-e per kWh of electricity generated,"total life cycle across upstream, operation and downstream as represented in source harmonisation dataset",direct_official_dataset,NREL/National Laboratory of the Rockies,Life Cycle Greenhouse Gas Emissions from Electricity Generation: Update,10.7799/1819907,https://data.nlr.gov/submissions/171,https://data.nlr.gov/system/files/171/EF_Table_FINAL.xlsx,EF_Table,21,Burkhardt et al. 2012
NREL_LCA_PARABOLIC_DISH,Renewable,Parabolic Dish,7.0,14.0,15.0,20.0,89.0,g CO2-e per kWh of electricity generated,"total life cycle across upstream, operation and downstream as represented in source harmonisation dataset",direct_official_dataset,NREL/National Laboratory of the Rockies,Life Cycle Greenhouse Gas Emissions from Electricity Generation: Update,10.7799/1819907,https://data.nlr.gov/submissions/171,https://data.nlr.gov/system/files/171/EF_Table_FINAL.xlsx,EF_Table,22,Burkhardt et al. 2012
NREL_LCA_GEOTHERMAL_ALL_TECHNOLOGIES,Renewable,Geothermal (All Technologies),5.6,21.9,36.7,51.5,245.2,g CO2-e per kWh of electricity generated,"total life cycle across upstream, operation and downstream as represented in source harmonisation dataset",direct_official_dataset,NREL/National Laboratory of the Rockies,Life Cycle Greenhouse Gas Emissions from Electricity Generation: Update,10.7799/1819907,https://data.nlr.gov/submissions/171,https://data.nlr.gov/system/files/171/EF_Table_FINAL.xlsx,EF_Table,23,15 | 35 | Eberle et al. 2017
NREL_LCA_EGS_BINARY,Renewable,EGS Binary,16.9,27.175,31.950000000000003,47.449999999999996,79.0,g CO2-e per kWh of electricity generated,"total life cycle across upstream, operation and downstream as represented in source harmonisation dataset",direct_official_dataset,NREL/National Laboratory of the Rockies,Life Cycle Greenhouse Gas Emissions from Electricity Generation: Update,10.7799/1819907,https://data.nlr.gov/submissions/171,https://data.nlr.gov/system/files/171/EF_Table_FINAL.xlsx,EF_Table,24,7 | 18 | Eberle et al. 2017
NREL_LCA_HT_FLASH,Renewable,HT Flash,15.0,39.4,47.0,118.35,245.2,g CO2-e per kWh of electricity generated,"total life cycle across upstream, operation and downstream as represented in source harmonisation dataset",direct_official_dataset,NREL/National Laboratory of the Rockies,Life Cycle Greenhouse Gas Emissions from Electricity Generation: Update,10.7799/1819907,https://data.nlr.gov/submissions/171,https://data.nlr.gov/system/files/171/EF_Table_FINAL.xlsx,EF_Table,25,7 | 9 | Eberle et al. 2017
NREL_LCA_HT_BINARY,Renewable,HT Binary,5.6,5.7675,11.25,38.5,97.2,g CO2-e per kWh of electricity generated,"total life cycle across upstream, operation and downstream as represented in source harmonisation dataset",direct_official_dataset,NREL/National Laboratory of the Rockies,Life Cycle Greenhouse Gas Emissions from Electricity Generation: Update,10.7799/1819907,https://data.nlr.gov/submissions/171,https://data.nlr.gov/system/files/171/EF_Table_FINAL.xlsx,EF_Table,26,5 | 8 | Eberle et al. 2017
NREL_LCA_HYDROPOWER_ALL_TECHNOLOGIES,Renewable,Hydropower (All Technologies),0.574,8.36761284742025,20.5,27.369999999999997,74.8770828326524,g CO2-e per kWh of electricity generated,"total life cycle across upstream, operation and downstream as represented in source harmonisation dataset",direct_official_dataset,NREL/National Laboratory of the Rockies,Life Cycle Greenhouse Gas Emissions from Electricity Generation: Update,10.7799/1819907,https://data.nlr.gov/submissions/171,https://data.nlr.gov/system/files/171/EF_Table_FINAL.xlsx,EF_Table,27,22 | 149 | Hydropower Vision Appendix G | Obtained distribution data and kWh estimates from internal Excel spreadsheet
NREL_LCA_RESERVOIR,Renewable,Reservoir,1.6008,5.72132805575,12.76,21.450000000000003,42.97609454740801,g CO2-e per kWh of electricity generated,"total life cycle across upstream, operation and downstream as represented in source harmonisation dataset",direct_official_dataset,NREL/National Laboratory of the Rockies,Life Cycle Greenhouse Gas Emissions from Electricity Generation: Update,10.7799/1819907,https://data.nlr.gov/submissions/171,https://data.nlr.gov/system/files/171/EF_Table_FINAL.xlsx,EF_Table,28,14 | 48 | Hydropower Vision Appendix G | Obtained distribution data and kWh estimates from internal Excel spreadsheet
NREL_LCA_RUN_OF_RIVER,Renewable,Run-of-River,0.574,11.227500000000001,22.735,29.1825,74.8770828326524,g CO2-e per kWh of electricity generated,"total life cycle across upstream, operation and downstream as represented in source harmonisation dataset",direct_official_dataset,NREL/National Laboratory of the Rockies,Life Cycle Greenhouse Gas Emissions from Electricity Generation: Update,10.7799/1819907,https://data.nlr.gov/submissions/171,https://data.nlr.gov/system/files/171/EF_Table_FINAL.xlsx,EF_Table,29,13 | 101 | Hydropower Vision Appendix G | Obtained distribution data and kWh estimates from internal Excel spreadsheet
NREL_LCA_OCEAN,Renewable,Ocean,2.0,6.0,8.0,9.0,23.0,g CO2-e per kWh of electricity generated,"total life cycle across upstream, operation and downstream as represented in source harmonisation dataset",direct_official_dataset,NREL/National Laboratory of the Rockies,Life Cycle Greenhouse Gas Emissions from Electricity Generation: Update,10.7799/1819907,https://data.nlr.gov/submissions/171,https://data.nlr.gov/system/files/171/EF_Table_FINAL.xlsx,EF_Table,30,5 | 10 | IPCC 2011
NREL_LCA_WIND_ALL_TECHNOLOGIES,Renewable,Wind (All Technologies),1.2999999933983777,8.096875,13.0,22.230918,81.0,g CO2-e per kWh of electricity generated,"total life cycle across upstream, operation and downstream as represented in source harmonisation dataset",direct_official_dataset,NREL/National Laboratory of the Rockies,Life Cycle Greenhouse Gas Emissions from Electricity Generation: Update,10.7799/1819907,https://data.nlr.gov/submissions/171,https://data.nlr.gov/system/files/171/EF_Table_FINAL.xlsx,EF_Table,31,69 | 186 | Wind Vision Appendix J | Obtained distribution data and kWh estimates from internal Excel spreadsheet
NREL_LCA_LAND_BASED,Renewable,Land-based,1.2999999933983777,7.9,12.149999999999999,20.8525,81.0,g CO2-e per kWh of electricity generated,"total life cycle across upstream, operation and downstream as represented in source harmonisation dataset",direct_official_dataset,NREL/National Laboratory of the Rockies,Life Cycle Greenhouse Gas Emissions from Electricity Generation: Update,10.7799/1819907,https://data.nlr.gov/submissions/171,https://data.nlr.gov/system/files/171/EF_Table_FINAL.xlsx,EF_Table,32,Wind Vision Appendix J | Obtained distribution data and kWh estimates from internal Excel spreadsheet
NREL_LCA_OFFSHORE,Renewable,Offshore,5.281554000000001,12.059999999999999,19.328125,28.475,43.7,g CO2-e per kWh of electricity generated,"total life cycle across upstream, operation and downstream as represented in source harmonisation dataset",direct_official_dataset,NREL/National Laboratory of the Rockies,Life Cycle Greenhouse Gas Emissions from Electricity Generation: Update,10.7799/1819907,https://data.nlr.gov/submissions/171,https://data.nlr.gov/system/files/171/EF_Table_FINAL.xlsx,EF_Table,33,Wind Vision Appendix J | Obtained distribution data and kWh estimates from internal Excel spreadsheet
NREL_LCA_NUCLEAR_LIGHT_WATER_REACTOR_LWR,Non-renewable,Nuclear - Light Water Reactor (LWR),3.1,7.7,13.0,31.0,220.0,g CO2-e per kWh of electricity generated,"total life cycle across upstream, operation and downstream as represented in source harmonisation dataset",direct_official_dataset,NREL/National Laboratory of the Rockies,Life Cycle Greenhouse Gas Emissions from Electricity Generation: Update,10.7799/1819907,https://data.nlr.gov/submissions/171,https://data.nlr.gov/system/files/171/EF_Table_FINAL.xlsx,EF_Table,34,27 | 99 | Warner and Heath 2012
NREL_LCA_PRESSURIZED_WATER_REACTOR,Non-renewable,Pressurized Water Reactor,3.1,5.6,14.0,53.0,220.0,g CO2-e per kWh of electricity generated,"total life cycle across upstream, operation and downstream as represented in source harmonisation dataset",direct_official_dataset,NREL/National Laboratory of the Rockies,Life Cycle Greenhouse Gas Emissions from Electricity Generation: Update,10.7799/1819907,https://data.nlr.gov/submissions/171,https://data.nlr.gov/system/files/171/EF_Table_FINAL.xlsx,EF_Table,35,Warner and Heath 2012
NREL_LCA_BOILING_WATER_REACTOR,Non-renewable,Boiling Water Reactor,3.7,10.0,21.0,24.0,30.0,g CO2-e per kWh of electricity generated,"total life cycle across upstream, operation and downstream as represented in source harmonisation dataset",direct_official_dataset,NREL/National Laboratory of the Rockies,Life Cycle Greenhouse Gas Emissions from Electricity Generation: Update,10.7799/1819907,https://data.nlr.gov/submissions/171,https://data.nlr.gov/system/files/171/EF_Table_FINAL.xlsx,EF_Table,36,Warner and Heath 2012
NREL_LCA_HEAVY_WATER_REACTOR,Non-renewable,Heavy Water Reactor,1.7,14.0,57.0,64.0,150.0,g CO2-e per kWh of electricity generated,"total life cycle across upstream, operation and downstream as represented in source harmonisation dataset",direct_official_dataset,NREL/National Laboratory of the Rockies,Life Cycle Greenhouse Gas Emissions from Electricity Generation: Update,10.7799/1819907,https://data.nlr.gov/submissions/171,https://data.nlr.gov/system/files/171/EF_Table_FINAL.xlsx,EF_Table,38,Warner and Heath 2012
NREL_LCA_GAS_COOLED_REACTOR,Non-renewable,Gas-Cooled Reactor,5.1,6.0,6.9,17.0,28.0,g CO2-e per kWh of electricity generated,"total life cycle across upstream, operation and downstream as represented in source harmonisation dataset",direct_official_dataset,NREL/National Laboratory of the Rockies,Life Cycle Greenhouse Gas Emissions from Electricity Generation: Update,10.7799/1819907,https://data.nlr.gov/submissions/171,https://data.nlr.gov/system/files/171/EF_Table_FINAL.xlsx,EF_Table,39,Warner and Heath 2012
NREL_LCA_FAST_BREEDER_REACTOR,Non-renewable,Fast Breeder Reactor,0.78,0.83,0.87,4.3,7.7,g CO2-e per kWh of electricity generated,"total life cycle across upstream, operation and downstream as represented in source harmonisation dataset",direct_official_dataset,NREL/National Laboratory of the Rockies,Life Cycle Greenhouse Gas Emissions from Electricity Generation: Update,10.7799/1819907,https://data.nlr.gov/submissions/171,https://data.nlr.gov/system/files/171/EF_Table_FINAL.xlsx,EF_Table,40,Warner and Heath 2012
NREL_LCA_NATURAL_GAS_CONVENTIONAL_GAS,Non-renewable,Natural Gas - Conventional Gas,307.0,427.25,486.0,550.5,988.0,g CO2-e per kWh of electricity generated,"total life cycle across upstream, operation and downstream as represented in source harmonisation dataset",direct_official_dataset,NREL/National Laboratory of the Rockies,Life Cycle Greenhouse Gas Emissions from Electricity Generation: Update,10.7799/1819907,https://data.nlr.gov/submissions/171,https://data.nlr.gov/system/files/171/EF_Table_FINAL.xlsx,EF_Table,42,47 (+11) | 80 (+13) | O'Donoughe et al. 2013
NREL_LCA_NGCC,Non-renewable,NGCC,307.0,415.5,450.0,488.5,682.0,g CO2-e per kWh of electricity generated,"total life cycle across upstream, operation and downstream as represented in source harmonisation dataset",direct_official_dataset,NREL/National Laboratory of the Rockies,Life Cycle Greenhouse Gas Emissions from Electricity Generation: Update,10.7799/1819907,https://data.nlr.gov/submissions/171,https://data.nlr.gov/system/files/171/EF_Table_FINAL.xlsx,EF_Table,43,O'Donoughe et al. 2013
NREL_LCA_NGCT,Non-renewable,NGCT,488.0,550.5,604.5,654.25,988.0,g CO2-e per kWh of electricity generated,"total life cycle across upstream, operation and downstream as represented in source harmonisation dataset",direct_official_dataset,NREL/National Laboratory of the Rockies,Life Cycle Greenhouse Gas Emissions from Electricity Generation: Update,10.7799/1819907,https://data.nlr.gov/submissions/171,https://data.nlr.gov/system/files/171/EF_Table_FINAL.xlsx,EF_Table,44,O'Donoughe et al. 2013
NREL_LCA_NGCC_CCS,Non-renewable,NGCC-CCS,65.0,96.0,111.0,141.0,245.0,g CO2-e per kWh of electricity generated,"total life cycle across upstream, operation and downstream as represented in source harmonisation dataset",direct_official_dataset,NREL/National Laboratory of the Rockies,Life Cycle Greenhouse Gas Emissions from Electricity Generation: Update,10.7799/1819907,https://data.nlr.gov/submissions/171,https://data.nlr.gov/system/files/171/EF_Table_FINAL.xlsx,EF_Table,45,O'Donoughe et al. 2013
NREL_LCA_LNGCC,Non-renewable,LNGCC,428.0,444.0,501.0,520.25,540.0,g CO2-e per kWh of electricity generated,"total life cycle across upstream, operation and downstream as represented in source harmonisation dataset",direct_official_dataset,NREL/National Laboratory of the Rockies,Life Cycle Greenhouse Gas Emissions from Electricity Generation: Update,10.7799/1819907,https://data.nlr.gov/submissions/171,https://data.nlr.gov/system/files/171/EF_Table_FINAL.xlsx,EF_Table,46,O'Donoughe et al. 2013
NREL_LCA_LNGCT,Non-renewable,LNGCT,608.0,629.5,651.0,688.5,726.0,g CO2-e per kWh of electricity generated,"total life cycle across upstream, operation and downstream as represented in source harmonisation dataset",direct_official_dataset,NREL/National Laboratory of the Rockies,Life Cycle Greenhouse Gas Emissions from Electricity Generation: Update,10.7799/1819907,https://data.nlr.gov/submissions/171,https://data.nlr.gov/system/files/171/EF_Table_FINAL.xlsx,EF_Table,47,O'Donoughe et al. 2013
NREL_LCA_SHALE,Non-renewable,Shale,437.0,486.0,488.0,554.0,758.0,g CO2-e per kWh of electricity generated,"total life cycle across upstream, operation and downstream as represented in source harmonisation dataset",direct_official_dataset,NREL/National Laboratory of the Rockies,Life Cycle Greenhouse Gas Emissions from Electricity Generation: Update,10.7799/1819907,https://data.nlr.gov/submissions/171,https://data.nlr.gov/system/files/171/EF_Table_FINAL.xlsx,EF_Table,49,Heath et al. 2014
NREL_LCA_UNCONVENTIONAL,Non-renewable,Unconventional,529.0,529.0,529.0,529.0,529.0,g CO2-e per kWh of electricity generated,"total life cycle across upstream, operation and downstream as represented in source harmonisation dataset",direct_official_dataset,NREL/National Laboratory of the Rockies,Life Cycle Greenhouse Gas Emissions from Electricity Generation: Update,10.7799/1819907,https://data.nlr.gov/submissions/171,https://data.nlr.gov/system/files/171/EF_Table_FINAL.xlsx,EF_Table,50,Heath et al. 2014
NREL_LCA_US_DOMESTIC,Non-renewable,US Domestic,473.0,473.0,473.0,473.0,473.0,g CO2-e per kWh of electricity generated,"total life cycle across upstream, operation and downstream as represented in source harmonisation dataset",direct_official_dataset,NREL/National Laboratory of the Rockies,Life Cycle Greenhouse Gas Emissions from Electricity Generation: Update,10.7799/1819907,https://data.nlr.gov/submissions/171,https://data.nlr.gov/system/files/171/EF_Table_FINAL.xlsx,EF_Table,51,Heath et al. 2014
NREL_LCA_CONVENTIONAL,Non-renewable,Conventional,450.0,469.0,471.0,489.0,671.0,g CO2-e per kWh of electricity generated,"total life cycle across upstream, operation and downstream as represented in source harmonisation dataset",direct_official_dataset,NREL/National Laboratory of the Rockies,Life Cycle Greenhouse Gas Emissions from Electricity Generation: Update,10.7799/1819907,https://data.nlr.gov/submissions/171,https://data.nlr.gov/system/files/171/EF_Table_FINAL.xlsx,EF_Table,52,Heath et al. 2014
NREL_LCA_OIL,Non-renewable,Oil,510.0,722.0,840.0,907.0,1170.0,g CO2-e per kWh of electricity generated,"total life cycle across upstream, operation and downstream as represented in source harmonisation dataset",direct_official_dataset,NREL/National Laboratory of the Rockies,Life Cycle Greenhouse Gas Emissions from Electricity Generation: Update,10.7799/1819907,https://data.nlr.gov/submissions/171,https://data.nlr.gov/system/files/171/EF_Table_FINAL.xlsx,EF_Table,53,10 | 24 | IPCC 2011
NREL_LCA_COAL_ALL_TECHNOLOGIES,Non-renewable,Coal (All Technologies),675.0,891.0,1001.0,1134.0,1689.0,g CO2-e per kWh of electricity generated,"total life cycle across upstream, operation and downstream as represented in source harmonisation dataset",direct_official_dataset,NREL/National Laboratory of the Rockies,Life Cycle Greenhouse Gas Emissions from Electricity Generation: Update,10.7799/1819907,https://data.nlr.gov/submissions/171,https://data.nlr.gov/system/files/171/EF_Table_FINAL.xlsx,EF_Table,54,53 (+9) | 164 (+11) | Whitaker et al. 2014
NREL_LCA_PULVERIZED_SUBCRITICAL,Non-renewable,Pulverized Subcritical,714.0,980.0,1060.0,1196.0,1689.0,g CO2-e per kWh of electricity generated,"total life cycle across upstream, operation and downstream as represented in source harmonisation dataset",direct_official_dataset,NREL/National Laboratory of the Rockies,Life Cycle Greenhouse Gas Emissions from Electricity Generation: Update,10.7799/1819907,https://data.nlr.gov/submissions/171,https://data.nlr.gov/system/files/171/EF_Table_FINAL.xlsx,EF_Table,55,Whitaker et al. 2014
NREL_LCA_IGCC,Non-renewable,IGCC,675.0,759.0,838.0,888.0,1130.0,g CO2-e per kWh of electricity generated,"total life cycle across upstream, operation and downstream as represented in source harmonisation dataset",direct_official_dataset,NREL/National Laboratory of the Rockies,Life Cycle Greenhouse Gas Emissions from Electricity Generation: Update,10.7799/1819907,https://data.nlr.gov/submissions/171,https://data.nlr.gov/system/files/171/EF_Table_FINAL.xlsx,EF_Table,56,Whitaker et al. 2014
NREL_LCA_FLUIDIZED_BED,Non-renewable,Fluidized Bed,771.0,960.0,993.0,1053.0,1249.0,g CO2-e per kWh of electricity generated,"total life cycle across upstream, operation and downstream as represented in source harmonisation dataset",direct_official_dataset,NREL/National Laboratory of the Rockies,Life Cycle Greenhouse Gas Emissions from Electricity Generation: Update,10.7799/1819907,https://data.nlr.gov/submissions/171,https://data.nlr.gov/system/files/171/EF_Table_FINAL.xlsx,EF_Table,57,Whitaker et al. 2014
NREL_LCA_PULVERIZED_SUPERCITICAL,Non-renewable,Pulverized Supercitical,687.0,781.0,863.0,922.0,1059.0,g CO2-e per kWh of electricity generated,"total life cycle across upstream, operation and downstream as represented in source harmonisation dataset",direct_official_dataset,NREL/National Laboratory of the Rockies,Life Cycle Greenhouse Gas Emissions from Electricity Generation: Update,10.7799/1819907,https://data.nlr.gov/submissions/171,https://data.nlr.gov/system/files/171/EF_Table_FINAL.xlsx,EF_Table,58,Whitaker et al. 2014
NREL_LCA_PUMPED_STORAGE_HYDROPOWER,Storage,Pumped-Storage Hydropower,4.509284627092846,4.802911126425168,7.387899543378995,88.73420667069074,607.8334000000001,g CO2-e per kWh of electricity generated,"total life cycle across upstream, operation and downstream as represented in source harmonisation dataset",direct_official_dataset,NREL/National Laboratory of the Rockies,Life Cycle Greenhouse Gas Emissions from Electricity Generation: Update,10.7799/1819907,https://data.nlr.gov/submissions/171,https://data.nlr.gov/system/files/171/EF_Table_FINAL.xlsx,EF_Table,59,4 | 16 | Hydropower Vision Appendix G | Obtained distribution data and kWh estimates from internal Excel spreadsheet
NREL_LCA_LI_ION_BATTERY_STORAGE,Storage,Li-Ion Battery Storage,17.674409075642938,28.19613470321152,32.889621666768804,49.0,82.0,g CO2-e per kWh of electricity generated,"total life cycle across upstream, operation and downstream as represented in source harmonisation dataset",direct_official_dataset,NREL/National Laboratory of the Rockies,Life Cycle Greenhouse Gas Emissions from Electricity Generation: Update,10.7799/1819907,https://data.nlr.gov/submissions/171,https://data.nlr.gov/system/files/171/EF_Table_FINAL.xlsx,EF_Table,60,3 | 29 | Hiremath et al. 2015 Baumann et al. 2017 Vandepaer et al. 2018 | Downstream is only reported by one source (Vandepaer et al. 2018)
NREL_LCA_HYDROGEN_STORAGE,Storage,Hydrogen Storage,23.47,32.2265,37.949854,43.9184,52.83,g CO2-e per kWh of electricity generated,"total life cycle across upstream, operation and downstream as represented in source harmonisation dataset",direct_official_dataset,NREL/National Laboratory of the Rockies,Life Cycle Greenhouse Gas Emissions from Electricity Generation: Update,10.7799/1819907,https://data.nlr.gov/submissions/171,https://data.nlr.gov/system/files/171/EF_Table_FINAL.xlsx,EF_Table,61,1 | 1 | Khan et al. 2005 | Only one source (Khan et al. 2005) met screening criteria and reported estimates per unit of generation 95% confidence interval of summed sensitivity results
